id,user_id,message,response,created_at
1,0,Suggest places under 15000,"✨ **Recommended Destinations for Budget ~₹15,000**:

• 🌟 **Munnar** (hill station) — Range: ₹8,000 to ₹25,000
   *Best time: September to May | Rating: 4.7⭐*

• 🌟 **Alleppey** (beach) — Range: ₹9,000 to ₹30,000
   *Best time: November to February | Rating: 4.7⭐*

• 🌟 **Varkala** (beach) — Range: ₹6,000 to ₹18,000
   *Best time: October to March | Rating: 4.7⭐*

• 🌟 **Kochi** (city tourism) — Range: ₹5,000 to ₹20,000
   *Best time: October to April | Rating: 4.7⭐*

Would you like an itemized cost",2026-09-14 11:09:32
2,0,Suggest places under 15000,"✨ **Recommended Destinations for Budget ~₹15,000**:

• 🌟 **Munnar** (hill station) — Range: ₹8,000 to ₹25,000
   *Best time: September to May | Rating: 4.7⭐*

• 🌟 **Alleppey** (beach) — Range: ₹9,000 to ₹30,000
   *Best time: November to February | Rating: 4.7⭐*

• 🌟 **Varkala** (beach) — Range: ₹6,000 to ₹18,000
   *Best time: October to March | Rating: 4.7⭐*

• 🌟 **Kochi** (city tourism) — Range: ₹5,000 to ₹20,000
   *Best time: October to April | Rating: 4.7⭐*

Would you like an itemized cost",2026-09-14 11:10:26
3,0,Suggest places under 15000,"✨ **Recommended Destinations for Budget ~₹15,000**:

• 🌟 **Munnar** (hill station) — Range: ₹8,000 to ₹25,000
   *Best time: September to May | Rating: 4.7⭐*

• 🌟 **Alleppey** (beach) — Range: ₹9,000 to ₹30,000
   *Best time: November to February | Rating: 4.7⭐*

• 🌟 **Varkala** (beach) — Range: ₹6,000 to ₹18,000
   *Best time: October to March | Rating: 4.7⭐*

• 🌟 **Kochi** (city tourism) — Range: ₹5,000 to ₹20,000
   *Best time: October to April | Rating: 4.7⭐*

Would you like an itemized cost",2026-09-14 11:10:41
4,3,"Suggest best travel destinations in India under ₹15,000 budget","✨ **Recommended Destinations for Budget ~₹15,000**:

• 🌟 **Munnar** (hill station) — Range: ₹8,000 to ₹25,000
   *Best time: September to May | Rating: 4.7⭐*

• 🌟 **Alleppey** (beach) — Range: ₹9,000 to ₹30,000
   *Best time: November to February | Rating: 4.7⭐*

• 🌟 **Varkala** (beach) — Range: ₹6,000 to ₹18,000
   *Best time: October to March | Rating: 4.7⭐*

• 🌟 **Kochi** (city tourism) — Range: ₹5,000 to ₹20,000
   *Best time: October to April | Rating: 4.7⭐*

Would you like an itemized cost",2026-09-14 11:12:54
5,3,Weather in Munnar,"☀️ **Weather Forecast for Munnar**

• **Current Temperature:** 17.1°C (Feels like 19.7°C)
• **Condition:** Light Rain
• **Humidity & Wind:** 81.2% | 11.0 km/h
• **Air Quality:** Good (AQI 38) | UV Index: 2

**4-Day Outlook:**
• **Tue (Sep 15)**: Partly Cloudy | High: 21.6°C / Low: 15.6°C (🌧️ Rain: 23%)
• **Wed (Sep 16)**: Light Showers | High: 19.6°C / Low: 13.6°C (🌧️ Rain: 10%)
• **Thu (Sep 17)**: Crisp & Sunny | High: 17.6°C / Low: 11.6°C (🌧️ Rain: 20%)
• **Fri (Sep 18)**: Pleasant Breeze | Hi",2026-09-14 11:14:40
6,3,Transport options for Munnar,"🛣️ **Recommended Transportation Options to Munnar**

🚗 **Intercity Bus** — *💰 Most Economical*
   • Mode: Bus ()
   • Fare: ₹300 total (₹300/person for 1 travelers)
   • Duration: N/A (~130.0 km)

🚗 **Intercity Bus** — *💰 Most Economical*
   • Mode: KSRTC Bus ()
   • Fare: ₹400 total (₹400/person for 1 travelers)
   • Duration: N/A (~100.0 km)

🚗 **Rental Vehicle** — *🚗 Maximum Flexibility*
   • Mode: Rental Bike (Royal Enfield) ()
   • Fare: ₹800 total (₹800/person for 1 travelers)
   • Duratio",2026-09-14 11:15:11
7,3,"Suggest trips under ₹15,000","✨ **Recommended Destinations for Budget ~₹15,000**:

• 🌟 **Munnar** (hill station) — Range: ₹8,000 to ₹25,000
   *Best time: September to May | Rating: 4.7⭐*

• 🌟 **Alleppey** (beach) — Range: ₹9,000 to ₹30,000
   *Best time: November to February | Rating: 4.7⭐*

• 🌟 **Varkala** (beach) — Range: ₹6,000 to ₹18,000
   *Best time: October to March | Rating: 4.7⭐*

• 🌟 **Kochi** (city tourism) — Range: ₹5,000 to ₹20,000
   *Best time: October to April | Rating: 4.7⭐*

Would you like an itemized cost",2026-09-14 11:16:24
8,0,Suggest places under 15000,"✨ **Recommended Destinations for Budget ~₹15,000**:

• 🌟 **Munnar** (hill station) — Range: ₹8,000 to ₹25,000
   *Best time: September to May | Rating: 4.7⭐*

• 🌟 **Alleppey** (beach) — Range: ₹9,000 to ₹30,000
   *Best time: November to February | Rating: 4.7⭐*

• 🌟 **Varkala** (beach) — Range: ₹6,000 to ₹18,000
   *Best time: October to March | Rating: 4.7⭐*

• 🌟 **Kochi** (city tourism) — Range: ₹5,000 to ₹20,000
   *Best time: October to April | Rating: 4.7⭐*

Would you like an itemized cost",2026-09-14 12:10:20
9,0,Suggest places under 15000,"✨ **Recommended Destinations for Budget ~₹15,000**:

• 🌟 **Munnar** (hill station) — Range: ₹8,000 to ₹25,000
   *Best time: September to May | Rating: 4.7⭐*

• 🌟 **Alleppey** (beach) — Range: ₹9,000 to ₹30,000
   *Best time: November to February | Rating: 4.7⭐*

• 🌟 **Varkala** (beach) — Range: ₹6,000 to ₹18,000
   *Best time: October to March | Rating: 4.7⭐*

• 🌟 **Kochi** (city tourism) — Range: ₹5,000 to ₹20,000
   *Best time: October to April | Rating: 4.7⭐*

Would you like an itemized cost",2026-09-14 12:11:34
10,0,Suggest places under 15000,"✨ **Recommended Destinations for Budget ~₹15,000**:

• 🌟 **Munnar** (hill station) — Range: ₹8,000 to ₹25,000
   *Best time: September to May | Rating: 4.7⭐*

• 🌟 **Alleppey** (beach) — Range: ₹9,000 to ₹30,000
   *Best time: November to February | Rating: 4.7⭐*

• 🌟 **Varkala** (beach) — Range: ₹6,000 to ₹18,000
   *Best time: October to March | Rating: 4.7⭐*

• 🌟 **Kochi** (city tourism) — Range: ₹5,000 to ₹20,000
   *Best time: October to April | Rating: 4.7⭐*

Would you like an itemized cost",2026-09-16 10:10:21
11,0,Suggest places under 15000,"✨ **Recommended Destinations for Budget ~₹15,000**:

• 🌟 **Munnar** (hill station) — Range: ₹8,000 to ₹25,000
   *Best time: September to May | Rating: 4.7⭐*

• 🌟 **Alleppey** (beach) — Range: ₹9,000 to ₹30,000
   *Best time: November to February | Rating: 4.7⭐*

• 🌟 **Varkala** (beach) — Range: ₹6,000 to ₹18,000
   *Best time: October to March | Rating: 4.7⭐*

• 🌟 **Kochi** (city tourism) — Range: ₹5,000 to ₹20,000
   *Best time: October to April | Rating: 4.7⭐*

Would you like an itemized cost",2026-09-16 10:12:27
12,0,Suggest places under 15000,"✨ **Recommended Destinations for Budget ~₹15,000**:

• 🌟 **Munnar** (hill station) — Range: ₹8,000 to ₹25,000
   *Best time: September to May | Rating: 4.7⭐*

• 🌟 **Alleppey** (beach) — Range: ₹9,000 to ₹30,000
   *Best time: November to February | Rating: 4.7⭐*

• 🌟 **Varkala** (beach) — Range: ₹6,000 to ₹18,000
   *Best time: October to March | Rating: 4.7⭐*

• 🌟 **Kochi** (city tourism) — Range: ₹5,000 to ₹20,000
   *Best time: October to April | Rating: 4.7⭐*

Would you like an itemized cost",2026-09-16 10:18:35
13,0,Suggest places under 15000,"✨ **Recommended Destinations for Budget ~₹15,000**:

• 🌟 **Munnar** (hill station) — Range: ₹8,000 to ₹25,000
   *Best time: September to May | Rating: 4.7⭐*

• 🌟 **Alleppey** (beach) — Range: ₹9,000 to ₹30,000
   *Best time: November to February | Rating: 4.7⭐*

• 🌟 **Varkala** (beach) — Range: ₹6,000 to ₹18,000
   *Best time: October to March | Rating: 4.7⭐*

• 🌟 **Kochi** (city tourism) — Range: ₹5,000 to ₹20,000
   *Best time: October to April | Rating: 4.7⭐*

Would you like an itemized cost",2026-09-16 10:23:36
14,0,Suggest places under 15000,"✨ **Recommended Destinations for Budget ~₹15,000**:

• 🌟 **Munnar** (hill station) — Range: ₹8,000 to ₹25,000
   *Best time: September to May | Rating: 4.7⭐*

• 🌟 **Alleppey** (beach) — Range: ₹9,000 to ₹30,000
   *Best time: November to February | Rating: 4.7⭐*

• 🌟 **Varkala** (beach) — Range: ₹6,000 to ₹18,000
   *Best time: October to March | Rating: 4.7⭐*

• 🌟 **Kochi** (city tourism) — Range: ₹5,000 to ₹20,000
   *Best time: October to April | Rating: 4.7⭐*

Would you like an itemized cost",2026-09-16 10:23:55
15,0,Suggest places under 15000,"✨ **Recommended Destinations for Budget ~₹15,000**:

• 🌟 **Munnar** (hill station) — Range: ₹8,000 to ₹25,000
   *Best time: September to May | Rating: 4.7⭐*

• 🌟 **Alleppey** (beach) — Range: ₹9,000 to ₹30,000
   *Best time: November to February | Rating: 4.7⭐*

• 🌟 **Varkala** (beach) — Range: ₹6,000 to ₹18,000
   *Best time: October to March | Rating: 4.7⭐*

• 🌟 **Kochi** (city tourism) — Range: ₹5,000 to ₹20,000
   *Best time: October to April | Rating: 4.7⭐*

Would you like an itemized cost",2026-09-16 10:25:56
16,0,Suggest places under 15000,"✨ **Recommended Destinations for Budget ~₹15,000**:

• 🌟 **Munnar** (hill station) — Range: ₹8,000 to ₹25,000
   *Best time: September to May | Rating: 4.7⭐*

• 🌟 **Alleppey** (beach) — Range: ₹9,000 to ₹30,000
   *Best time: November to February | Rating: 4.7⭐*

• 🌟 **Varkala** (beach) — Range: ₹6,000 to ₹18,000
   *Best time: October to March | Rating: 4.7⭐*

• 🌟 **Kochi** (city tourism) — Range: ₹5,000 to ₹20,000
   *Best time: October to April | Rating: 4.7⭐*

Would you like an itemized cost",2026-09-16 10:31:10
17,0,Suggest places under 15000,"✨ **Recommended Destinations for Budget ~₹15,000**:

• 🌟 **Munnar** (hill station) — Range: ₹8,000 to ₹25,000
   *Best time: September to May | Rating: 4.7⭐*

• 🌟 **Alleppey** (beach) — Range: ₹9,000 to ₹30,000
   *Best time: November to February | Rating: 4.7⭐*

• 🌟 **Varkala** (beach) — Range: ₹6,000 to ₹18,000
   *Best time: October to March | Rating: 4.7⭐*

• 🌟 **Kochi** (city tourism) — Range: ₹5,000 to ₹20,000
   *Best time: October to April | Rating: 4.7⭐*

Would you like an itemized cost",2026-09-16 10:46:33
18,0,Suggest places under 15000,"✨ **Recommended Destinations for Budget ~₹15,000**:

• 🌟 **Munnar** (hill station) — Range: ₹8,000 to ₹25,000
   *Best time: September to May | Rating: 4.7⭐*

• 🌟 **Alleppey** (beach) — Range: ₹9,000 to ₹30,000
   *Best time: November to February | Rating: 4.7⭐*

• 🌟 **Varkala** (beach) — Range: ₹6,000 to ₹18,000
   *Best time: October to March | Rating: 4.7⭐*

• 🌟 **Kochi** (city tourism) — Range: ₹5,000 to ₹20,000
   *Best time: October to April | Rating: 4.7⭐*

Would you like an itemized cost",2026-09-16 10:52:07
19,0,Suggest places under 15000,"✨ **Recommended Destinations for Budget ~₹15,000**:

• 🌟 **Munnar** (hill station) — Range: ₹8,000 to ₹25,000
   *Best time: September to May | Rating: 4.7⭐*

• 🌟 **Alleppey** (beach) — Range: ₹9,000 to ₹30,000
   *Best time: November to February | Rating: 4.7⭐*

• 🌟 **Varkala** (beach) — Range: ₹6,000 to ₹18,000
   *Best time: October to March | Rating: 4.7⭐*

• 🌟 **Kochi** (city tourism) — Range: ₹5,000 to ₹20,000
   *Best time: October to April | Rating: 4.7⭐*

Would you like an itemized cost",2026-09-16 10:57:44
20,0,Suggest places under 15000,"✨ **Recommended Destinations for Budget ~₹15,000**:

• 🌟 **Munnar** (hill station) — Range: ₹8,000 to ₹25,000
   *Best time: September to May | Rating: 4.7⭐*

• 🌟 **Alleppey** (beach) — Range: ₹9,000 to ₹30,000
   *Best time: November to February | Rating: 4.7⭐*

• 🌟 **Varkala** (beach) — Range: ₹6,000 to ₹18,000
   *Best time: October to March | Rating: 4.7⭐*

• 🌟 **Kochi** (city tourism) — Range: ₹5,000 to ₹20,000
   *Best time: October to April | Rating: 4.7⭐*

Would you like an itemized cost",2026-09-16 11:06:34
21,0,Suggest places under 15000,"✨ **Recommended Destinations for Budget ~₹15,000**:

• 🌟 **Munnar** (hill station) — Range: ₹8,000 to ₹25,000
   *Best time: September to May | Rating: 4.7⭐*

• 🌟 **Alleppey** (beach) — Range: ₹9,000 to ₹30,000
   *Best time: November to February | Rating: 4.7⭐*

• 🌟 **Varkala** (beach) — Range: ₹6,000 to ₹18,000
   *Best time: October to March | Rating: 4.7⭐*

• 🌟 **Kochi** (city tourism) — Range: ₹5,000 to ₹20,000
   *Best time: October to April | Rating: 4.7⭐*

Would you like an itemized cost",2026-09-16 11:19:33
22,0,Suggest places under 15000,"✨ **Recommended Destinations for Budget ~₹15,000**:

• 🌟 **Munnar** (hill station) — Range: ₹8,000 to ₹25,000
   *Best time: September to May | Rating: 4.7⭐*

• 🌟 **Alleppey** (beach) — Range: ₹9,000 to ₹30,000
   *Best time: November to February | Rating: 4.7⭐*

• 🌟 **Varkala** (beach) — Range: ₹6,000 to ₹18,000
   *Best time: October to March | Rating: 4.7⭐*

• 🌟 **Kochi** (city tourism) — Range: ₹5,000 to ₹20,000
   *Best time: October to April | Rating: 4.7⭐*

Would you like an itemized cost",2026-09-16 11:30:29
23,0,Suggest places under 15000,"✨ **Recommended Destinations for Budget ~₹15,000**:

• 🌟 **Munnar** (hill station) — Range: ₹8,000 to ₹25,000
   *Best time: September to May | Rating: 4.7⭐*

• 🌟 **Alleppey** (beach) — Range: ₹9,000 to ₹30,000
   *Best time: November to February | Rating: 4.7⭐*

• 🌟 **Varkala** (beach) — Range: ₹6,000 to ₹18,000
   *Best time: October to March | Rating: 4.7⭐*

• 🌟 **Kochi** (city tourism) — Range: ₹5,000 to ₹20,000
   *Best time: October to April | Rating: 4.7⭐*

Would you like an itemized cost",2026-09-16 13:12:32
24,0,Suggest places under 15000,"✨ **Recommended Destinations for Budget ~₹15,000**:

• 🌟 **Munnar** (hill station) — Range: ₹8,000 to ₹25,000
   *Best time: September to May | Rating: 4.7⭐*

• 🌟 **Alleppey** (beach) — Range: ₹9,000 to ₹30,000
   *Best time: November to February | Rating: 4.7⭐*

• 🌟 **Varkala** (beach) — Range: ₹6,000 to ₹18,000
   *Best time: October to March | Rating: 4.7⭐*

• 🌟 **Kochi** (city tourism) — Range: ₹5,000 to ₹20,000
   *Best time: October to April | Rating: 4.7⭐*

Would you like an itemized cost",2026-09-18 09:57:57
25,0,Suggest places under 15000,"✨ **Recommended Destinations for Budget ~₹15,000**:

• 🌟 **Munnar** (hill station) — Range: ₹8,000 to ₹25,000
   *Best time: September to May | Rating: 4.7⭐*

• 🌟 **Alleppey** (beach) — Range: ₹9,000 to ₹30,000
   *Best time: November to February | Rating: 4.7⭐*

• 🌟 **Varkala** (beach) — Range: ₹6,000 to ₹18,000
   *Best time: October to March | Rating: 4.7⭐*

• 🌟 **Kochi** (city tourism) — Range: ₹5,000 to ₹20,000
   *Best time: October to April | Rating: 4.7⭐*

Would you like an itemized cost",2026-09-18 09:58:29
26,0,Suggest places under 15000,"✨ **Recommended Destinations for Budget ~₹15,000**:

• 🌟 **Munnar** (hill station) — Range: ₹8,000 to ₹25,000
   *Best time: September to May | Rating: 4.7⭐*

• 🌟 **Alleppey** (beach) — Range: ₹9,000 to ₹30,000
   *Best time: November to February | Rating: 4.7⭐*

• 🌟 **Varkala** (beach) — Range: ₹6,000 to ₹18,000
   *Best time: October to March | Rating: 4.7⭐*

• 🌟 **Kochi** (city tourism) — Range: ₹5,000 to ₹20,000
   *Best time: October to April | Rating: 4.7⭐*

Would you like an itemized cost",2026-09-18 09:58:49
27,0,Suggest places under 15000,"✨ **Recommended Destinations for Budget ~₹15,000**:

• 🌟 **Munnar** (hill station) — Range: ₹8,000 to ₹25,000
   *Best time: September to May | Rating: 4.7⭐*

• 🌟 **Alleppey** (beach) — Range: ₹9,000 to ₹30,000
   *Best time: November to February | Rating: 4.7⭐*

• 🌟 **Varkala** (beach) — Range: ₹6,000 to ₹18,000
   *Best time: October to March | Rating: 4.7⭐*

• 🌟 **Kochi** (city tourism) — Range: ₹5,000 to ₹20,000
   *Best time: October to April | Rating: 4.7⭐*

Would you like an itemized cost",2026-09-18 11:12:29
28,7,"Suggest best travel destinations in India under ₹15,000 budget","✨ **Recommended Destinations for Budget ~₹15,000**:

• 🌟 **Munnar** (hill station) — Range: ₹8,000 to ₹25,000
   *Best time: September to May | Rating: 4.7⭐*

• 🌟 **Alleppey** (beach) — Range: ₹9,000 to ₹30,000
   *Best time: November to February | Rating: 4.7⭐*

• 🌟 **Varkala** (beach) — Range: ₹6,000 to ₹18,000
   *Best time: October to March | Rating: 4.7⭐*

• 🌟 **Kochi** (city tourism) — Range: ₹5,000 to ₹20,000
   *Best time: October to April | Rating: 4.7⭐*

Would you like an itemized cost",2026-09-18 12:08:18
29,7,Give me a 3-day personalized itinerary for Munnar with family,"🗺️ **Personalized 3-Day Itinerary for Munnar**

*Pacing: Tailored for Family Travel*

📅 **Day 1: Exploration**
  • **09:30 AM - 12:00 PM**: Arrival & Check-in at Tea Valley Resort
  • **12:30 PM - 02:00 PM**: Lunch at Rapsy Restaurant
  • **02:30 PM - 05:00 PM**: Excursion to Eravikulam National Park

📅 **Day 2: Exploration**
  • **09:00 AM - 12:00 PM**: Explore Mattupetty Dam
  • **12:30 PM - 02:00 PM**: Lunch at example
  • **02:30 PM - 05:00 PM**: Excursion to Anamudi Peak

📅 **Day 3: Explora",2026-09-18 12:08:26
30,7,How to reach Munnar and what are the transport fares?,"🛣️ **Recommended Transportation Options to Munnar**

🚗 **Intercity Bus** — *💰 Most Economical*
   • Mode: Bus ()
   • Fare: ₹300 total (₹300/person for 1 travelers)
   • Duration: N/A (~130.0 km)

🚗 **Intercity Bus** — *💰 Most Economical*
   • Mode: KSRTC Bus ()
   • Fare: ₹400 total (₹400/person for 1 travelers)
   • Duration: N/A (~100.0 km)

🚗 **Rental Vehicle** — *🚗 Maximum Flexibility*
   • Mode: Rental Bike (Royal Enfield) ()
   • Fare: ₹800 total (₹800/person for 1 travelers)
   • Duratio",2026-09-18 12:08:28
31,7,Estimate cost for 2 people visiting Wayanad for 3 days,"Please specify the destination, number of days, and travelers to estimate your trip cost! (e.g. *'Estimate cost for 2 people in Munnar for 3 days'*).",2026-09-18 12:08:30
32,7,Estimate cost for 2 people visiting Wayanad for 3 days,"Please specify the destination, number of days, and travelers to estimate your trip cost! (e.g. *'Estimate cost for 2 people in Munnar for 3 days'*).",2026-09-18 12:08:32
33,7,Show recommended hotels and resorts in Munnar,"🛌 **Top Rated Stays in Munnar**:

🏨 **Tea Valley Resort** (Resort)
   • Price: ₹3,500/night | Rating: 4.5⭐ | [🌐 Official Website](https://www.teavalleyresort.com)
   • Address: Chithirapuram, Munnar
   • Amenities: Free Wifi, Campfire, Restaurant

🏨 **Munnar Castle** (Hotel)
   • Price: ₹1,800/night | Rating: 4.0⭐ | [🌐 Official Website](https://www.munnarcastle.com)
   • Address: Munnar Town
   • Amenities: Free Wifi, LED TV, Room Service",2026-09-18 12:08:35
34,7,"Suggest best travel destinations in India under ₹15,000 budget","✨ **Recommended Destinations for Budget ~₹15,000**:

• 🌟 **Munnar** (hill station) — Range: ₹8,000 to ₹25,000
   *Best time: September to May | Rating: 4.7⭐*

• 🌟 **Alleppey** (beach) — Range: ₹9,000 to ₹30,000
   *Best time: November to February | Rating: 4.7⭐*

• 🌟 **Varkala** (beach) — Range: ₹6,000 to ₹18,000
   *Best time: October to March | Rating: 4.7⭐*

• 🌟 **Kochi** (city tourism) — Range: ₹5,000 to ₹20,000
   *Best time: October to April | Rating: 4.7⭐*

Would you like an itemized cost",2026-09-18 12:08:45
35,7,Itinerary for Munnar,"🗺️ **Personalized 3-Day Itinerary for Munnar**

*Pacing: Tailored for Family Travel*

📅 **Day 1: Exploration**
  • **09:30 AM - 12:00 PM**: Arrival & Check-in at Tea Valley Resort
  • **12:30 PM - 02:00 PM**: Lunch at Rapsy Restaurant
  • **02:30 PM - 05:00 PM**: Excursion to Eravikulam National Park

📅 **Day 2: Exploration**
  • **09:00 AM - 12:00 PM**: Explore Mattupetty Dam
  • **12:30 PM - 02:00 PM**: Lunch at example
  • **02:30 PM - 05:00 PM**: Excursion to Anamudi Peak

📅 **Day 3: Explora",2026-09-18 12:08:51
36,0,Suggest places under 15000,"✨ **Recommended Destinations for Budget ~₹15,000**:

• 🌟 **Munnar** (hill station) — Range: ₹8,000 to ₹25,000
   *Best time: September to May | Rating: 4.7⭐*

• 🌟 **Alleppey** (beach) — Range: ₹9,000 to ₹30,000
   *Best time: November to February | Rating: 4.7⭐*

• 🌟 **Varkala** (beach) — Range: ₹6,000 to ₹18,000
   *Best time: October to March | Rating: 4.7⭐*

• 🌟 **Kochi** (city tourism) — Range: ₹5,000 to ₹20,000
   *Best time: October to April | Rating: 4.7⭐*

Would you like an itemized cost",2026-09-18 14:48:15
37,0,Suggest places under 15000,"✨ **Recommended Destinations for Budget ~₹15,000**:

• 🌟 **Munnar** (hill station) — Range: ₹8,000 to ₹25,000
   *Best time: September to May | Rating: 4.7⭐*

• 🌟 **Alleppey** (beach) — Range: ₹9,000 to ₹30,000
   *Best time: November to February | Rating: 4.7⭐*

• 🌟 **Varkala** (beach) — Range: ₹6,000 to ₹18,000
   *Best time: October to March | Rating: 4.7⭐*

• 🌟 **Kochi** (city tourism) — Range: ₹5,000 to ₹20,000
   *Best time: October to April | Rating: 4.7⭐*

Would you like an itemized cost",2026-09-18 14:50:06
38,0,Suggest places under 15000,"✨ **Recommended Destinations for Budget ~₹15,000**:

• 🌟 **Munnar** (hill station) — Range: ₹8,000 to ₹25,000
   *Best time: September to May | Rating: 4.7⭐*

• 🌟 **Alleppey** (beach) — Range: ₹9,000 to ₹30,000
   *Best time: November to February | Rating: 4.7⭐*

• 🌟 **Varkala** (beach) — Range: ₹6,000 to ₹18,000
   *Best time: October to March | Rating: 4.7⭐*

• 🌟 **Kochi** (city tourism) — Range: ₹5,000 to ₹20,000
   *Best time: October to April | Rating: 4.7⭐*

Would you like an itemized cost",2026-09-18 14:52:09
39,0,Suggest places under 15000,"✨ **Recommended Destinations for Budget ~₹15,000**:

• 🌟 **Munnar** (hill station) — Range: ₹8,000 to ₹25,000
   *Best time: September to May | Rating: 4.7⭐*

• 🌟 **Alleppey** (beach) — Range: ₹9,000 to ₹30,000
   *Best time: November to February | Rating: 4.7⭐*

• 🌟 **Varkala** (beach) — Range: ₹6,000 to ₹18,000
   *Best time: October to March | Rating: 4.7⭐*

• 🌟 **Kochi** (city tourism) — Range: ₹5,000 to ₹20,000
   *Best time: October to April | Rating: 4.7⭐*

Would you like an itemized cost",2026-09-18 14:54:57
40,0,Suggest places under 15000,"✨ **Recommended Destinations for Budget ~₹15,000**:

• 🌟 **Munnar** (hill station) — Range: ₹8,000 to ₹25,000
   *Best time: September to May | Rating: 4.7⭐*

• 🌟 **Alleppey** (beach) — Range: ₹9,000 to ₹30,000
   *Best time: November to February | Rating: 4.7⭐*

• 🌟 **Varkala** (beach) — Range: ₹6,000 to ₹18,000
   *Best time: October to March | Rating: 4.7⭐*

• 🌟 **Kochi** (city tourism) — Range: ₹5,000 to ₹20,000
   *Best time: October to April | Rating: 4.7⭐*

Would you like an itemized cost",2026-09-18 14:56:19
41,0,Suggest places under 15000,"✨ **Recommended Destinations for Budget ~₹15,000**:

• 🌟 **Munnar** (hill station) — Range: ₹8,000 to ₹25,000
   *Best time: September to May | Rating: 4.7⭐*

• 🌟 **Alleppey** (beach) — Range: ₹9,000 to ₹30,000
   *Best time: November to February | Rating: 4.7⭐*

• 🌟 **Varkala** (beach) — Range: ₹6,000 to ₹18,000
   *Best time: October to March | Rating: 4.7⭐*

• 🌟 **Kochi** (city tourism) — Range: ₹5,000 to ₹20,000
   *Best time: October to April | Rating: 4.7⭐*

Would you like an itemized cost",2026-09-18 15:02:00
42,0,Suggest places under 15000,"✨ **Recommended Destinations for Budget ~₹15,000**:

• 🌟 **Munnar** (hill station) — Range: ₹8,000 to ₹25,000
   *Best time: September to May | Rating: 4.7⭐*

• 🌟 **Alleppey** (beach) — Range: ₹9,000 to ₹30,000
   *Best time: November to February | Rating: 4.7⭐*

• 🌟 **Varkala** (beach) — Range: ₹6,000 to ₹18,000
   *Best time: October to March | Rating: 4.7⭐*

• 🌟 **Kochi** (city tourism) — Range: ₹5,000 to ₹20,000
   *Best time: October to April | Rating: 4.7⭐*

Would you like an itemized cost",2026-09-23 15:00:44
43,0,Suggest places under 15000,"✨ **Recommended Destinations for Budget ~₹15,000**:

• 🌟 **Munnar** (hill station) — Range: ₹8,000 to ₹25,000
   *Best time: September to May | Rating: 4.7⭐*

• 🌟 **Alleppey** (beach) — Range: ₹9,000 to ₹30,000
   *Best time: November to February | Rating: 4.7⭐*

• 🌟 **Varkala** (beach) — Range: ₹6,000 to ₹18,000
   *Best time: October to March | Rating: 4.7⭐*

• 🌟 **Kochi** (city tourism) — Range: ₹5,000 to ₹20,000
   *Best time: October to April | Rating: 4.7⭐*

Would you like an itemized cost",2026-09-23 15:07:33
44,0,Suggest places under 15000,"✨ **Recommended Destinations for Budget ~₹15,000**:

• 🌟 **Munnar** (hill station) — Range: ₹8,000 to ₹25,000
   *Best time: September to May | Rating: 4.7⭐*

• 🌟 **Alleppey** (beach) — Range: ₹9,000 to ₹30,000
   *Best time: November to February | Rating: 4.7⭐*

• 🌟 **Varkala** (beach) — Range: ₹6,000 to ₹18,000
   *Best time: October to March | Rating: 4.7⭐*

• 🌟 **Kochi** (city tourism) — Range: ₹5,000 to ₹20,000
   *Best time: October to April | Rating: 4.7⭐*

Would you like an itemized cost",2026-09-24 16:18:01
45,7,"Suggest trips under ₹15,000","✨ **Recommended Destinations for Budget ~₹15,000**:

• 🌟 **Munnar** (hill station) — Range: ₹8,000 to ₹25,000
   *Best time: September to May | Rating: 4.7⭐*

• 🌟 **Wayanad** (nature) — Range: ₹7,000 to ₹20,000
   *Best time: October to May | Rating: 4.7⭐*

• 🌟 **Alleppey** (beach) — Range: ₹9,000 to ₹30,000
   *Best time: November to February | Rating: 4.7⭐*

• 🌟 **Varkala** (beach) — Range: ₹6,000 to ₹18,000
   *Best time: October to March | Rating: 4.7⭐*

Would you like an itemized cost estim",2026-09-25 14:14:34
46,0,Suggest places under 15000,"✨ **Recommended Destinations for Budget ~₹15,000**:

• 🌟 **Munnar** (hill station) — Range: ₹8,000 to ₹25,000
   *Best time: September to May | Rating: 4.7⭐*

• 🌟 **Wayanad** (nature) — Range: ₹7,000 to ₹20,000
   *Best time: October to May | Rating: 4.7⭐*

• 🌟 **Alleppey** (beach) — Range: ₹9,000 to ₹30,000
   *Best time: November to February | Rating: 4.7⭐*

• 🌟 **Varkala** (beach) — Range: ₹6,000 to ₹18,000
   *Best time: October to March | Rating: 4.7⭐*

Would you like an itemized cost estim",2026-09-27 17:32:37
47,0,Suggest places under 15000,"✨ **Recommended Destinations for Budget ~₹15,000**:

• 🌟 **Munnar** (hill station) — Range: ₹8,000 to ₹25,000
   *Best time: September to May | Rating: 4.7⭐*

• 🌟 **Wayanad** (nature) — Range: ₹7,000 to ₹20,000
   *Best time: October to May | Rating: 4.7⭐*

• 🌟 **Alleppey** (beach) — Range: ₹9,000 to ₹30,000
   *Best time: November to February | Rating: 4.7⭐*

• 🌟 **Varkala** (beach) — Range: ₹6,000 to ₹18,000
   *Best time: October to March | Rating: 4.7⭐*

Would you like an itemized cost estim",2026-09-27 17:39:53
48,0,Suggest places under 15000,"✨ **Recommended Destinations for Budget ~₹15,000**:

• 🌟 **Munnar** (hill station) — Range: ₹8,000 to ₹25,000
   *Best time: September to May | Rating: 4.7⭐*

• 🌟 **Wayanad** (nature) — Range: ₹7,000 to ₹20,000
   *Best time: October to May | Rating: 4.7⭐*

• 🌟 **Alleppey** (beach) — Range: ₹9,000 to ₹30,000
   *Best time: November to February | Rating: 4.7⭐*

• 🌟 **Varkala** (beach) — Range: ₹6,000 to ₹18,000
   *Best time: October to March | Rating: 4.7⭐*

Would you like an itemized cost estim",2026-09-29 16:09:09
49,0,Suggest places under 15000,"✨ **Recommended Destinations for Budget ~₹15,000**:

• 🌟 **Munnar** (hill station) — Range: ₹8,000 to ₹25,000
   *Best time: September to May | Rating: 4.7⭐*

• 🌟 **Wayanad** (nature) — Range: ₹7,000 to ₹20,000
   *Best time: October to May | Rating: 4.7⭐*

• 🌟 **Alleppey** (beach) — Range: ₹9,000 to ₹30,000
   *Best time: November to February | Rating: 4.7⭐*

• 🌟 **Varkala** (beach) — Range: ₹6,000 to ₹18,000
   *Best time: October to March | Rating: 4.7⭐*

Would you like an itemized cost estim",2026-09-29 16:12:15
50,0,Suggest places under 15000,"✨ **Recommended Destinations for Budget ~₹15,000**:

• 🌟 **Munnar** (hill station) — Range: ₹8,000 to ₹25,000
   *Best time: September to May | Rating: 4.7⭐*

• 🌟 **Wayanad** (nature) — Range: ₹7,000 to ₹20,000
   *Best time: October to May | Rating: 4.7⭐*

• 🌟 **Alleppey** (beach) — Range: ₹9,000 to ₹30,000
   *Best time: November to February | Rating: 4.7⭐*

• 🌟 **Varkala** (beach) — Range: ₹6,000 to ₹18,000
   *Best time: October to March | Rating: 4.7⭐*

Would you like an itemized cost estim",2026-09-29 16:16:00
51,0,Suggest places under 15000,"✨ **Recommended Destinations for Budget ~₹15,000**:

• 🌟 **Munnar** (hill station) — Range: ₹8,000 to ₹25,000
   *Best time: September to May | Rating: 4.7⭐*

• 🌟 **Wayanad** (nature) — Range: ₹7,000 to ₹20,000
   *Best time: October to May | Rating: 4.7⭐*

• 🌟 **Alleppey** (beach) — Range: ₹9,000 to ₹30,000
   *Best time: November to February | Rating: 4.7⭐*

• 🌟 **Varkala** (beach) — Range: ₹6,000 to ₹18,000
   *Best time: October to March | Rating: 4.7⭐*

Would you like an itemized cost estim",2026-09-29 16:21:59
52,0,Suggest places under 15000,"✨ **Recommended Destinations for Budget ~₹15,000**:

• 🌟 **Munnar** (hill station) — Range: ₹8,000 to ₹25,000
   *Best time: September to May | Rating: 4.7⭐*

• 🌟 **Wayanad** (nature) — Range: ₹7,000 to ₹20,000
   *Best time: October to May | Rating: 4.7⭐*

• 🌟 **Alleppey** (beach) — Range: ₹9,000 to ₹30,000
   *Best time: November to February | Rating: 4.7⭐*

• 🌟 **Varkala** (beach) — Range: ₹6,000 to ₹18,000
   *Best time: October to March | Rating: 4.7⭐*

Would you like an itemized cost estim",2026-09-29 16:27:50
53,0,Suggest places under 15000,"✨ **Recommended Destinations for Budget ~₹15,000**:

• 🌟 **Munnar** (hill station) — Range: ₹8,000 to ₹25,000
   *Best time: September to May | Rating: 4.7⭐*

• 🌟 **Wayanad** (nature) — Range: ₹7,000 to ₹20,000
   *Best time: October to May | Rating: 4.7⭐*

• 🌟 **Alleppey** (beach) — Range: ₹9,000 to ₹30,000
   *Best time: November to February | Rating: 4.7⭐*

• 🌟 **Varkala** (beach) — Range: ₹6,000 to ₹18,000
   *Best time: October to March | Rating: 4.7⭐*

Would you like an itemized cost estim",2026-09-29 16:35:27
54,8,"Places under ₹15,000","✨ **Recommended Destinations for Budget ~₹15,000**:

• 🌟 **Munnar** (hill station) — Range: ₹8,000 to ₹25,000
   *Best time: September to May | Rating: 4.7⭐*

• 🌟 **Wayanad** (nature) — Range: ₹7,000 to ₹20,000
   *Best time: October to May | Rating: 4.7⭐*

• 🌟 **Alleppey** (beach) — Range: ₹9,000 to ₹30,000
   *Best time: November to February | Rating: 4.7⭐*

• 🌟 **Varkala** (beach) — Range: ₹6,000 to ₹18,000
   *Best time: October to March | Rating: 4.7⭐*

Would you like an itemized cost estim",2026-09-30 09:48:27
55,0,Suggest places under 15000,"✨ **Recommended Destinations for Budget ~₹15,000**:

• 🌟 **Munnar** (hill station) — Range: ₹800 to ₹2,500
   *Best time: September to May | Rating: 4.7⭐*

• 🌟 **Wayanad** (nature) — Range: ₹700 to ₹2,000
   *Best time: October to May | Rating: 4.7⭐*

• 🌟 **Alleppey** (backwaters) — Range: ₹500 to ₹1,800
   *Best time: November to February | Rating: 4.7⭐*

• 🌟 **Varkala** (beach) — Range: ₹600 to ₹1,800
   *Best time: October to March | Rating: 4.7⭐*

Would you like an itemized cost estimate or ",2026-10-01 23:48:07
56,0,Suggest places under 15000,"✨ **Recommended Destinations for Budget ~₹15,000**:

• 🌟 **Munnar** (hill station) — Range: ₹800 to ₹2,500
   *Best time: September to May | Rating: 4.7⭐*

• 🌟 **Wayanad** (nature) — Range: ₹700 to ₹2,000
   *Best time: October to May | Rating: 4.7⭐*

• 🌟 **Alleppey** (backwaters) — Range: ₹500 to ₹1,800
   *Best time: November to February | Rating: 4.7⭐*

• 🌟 **Varkala** (beach) — Range: ₹600 to ₹1,800
   *Best time: October to March | Rating: 4.7⭐*

Would you like an itemized cost estimate or ",2026-10-02 01:00:13
57,0,Suggest places under 15000,"✨ **Recommended Destinations for Budget ~₹15,000**:

• 🌟 **Munnar** (hill station) — Range: ₹800 to ₹2,500
   *Best time: September to May | Rating: 4.7⭐*

• 🌟 **Wayanad** (nature) — Range: ₹700 to ₹2,000
   *Best time: October to May | Rating: 4.7⭐*

• 🌟 **Alleppey** (backwaters) — Range: ₹500 to ₹1,800
   *Best time: November to February | Rating: 4.7⭐*

• 🌟 **Varkala** (beach) — Range: ₹600 to ₹1,800
   *Best time: October to March | Rating: 4.7⭐*

Would you like an itemized cost estimate or ",2026-10-02 20:37:55
58,0,Suggest places under 15000,"✨ **Recommended Destinations for Budget ~₹15,000**:

• 🌟 **Munnar** (hill station) — Range: ₹800 to ₹2,500
   *Best time: September to May | Rating: 4.7⭐*

• 🌟 **Wayanad** (nature) — Range: ₹700 to ₹2,000
   *Best time: October to May | Rating: 4.7⭐*

• 🌟 **Alleppey** (backwaters) — Range: ₹500 to ₹1,800
   *Best time: November to February | Rating: 4.7⭐*

• 🌟 **Varkala** (beach) — Range: ₹600 to ₹1,800
   *Best time: October to March | Rating: 4.7⭐*

Would you like an itemized cost estimate or ",2026-10-02 21:25:48
59,0,Suggest places under 15000,"✨ **Recommended Destinations for Budget ~₹15,000**:

• 🌟 **Munnar** (hill station) — Range: ₹800 to ₹2,500
   *Best time: September to May | Rating: 4.7⭐*

• 🌟 **Wayanad** (nature) — Range: ₹700 to ₹2,000
   *Best time: October to May | Rating: 4.7⭐*

• 🌟 **Alleppey** (backwaters) — Range: ₹500 to ₹1,800
   *Best time: November to February | Rating: 4.7⭐*

• 🌟 **Varkala** (beach) — Range: ₹600 to ₹1,800
   *Best time: October to March | Rating: 4.7⭐*

Would you like an itemized cost estimate or ",2026-10-03 12:50:11
60,0,Suggest places under 15000,"✨ **Recommended Destinations for Budget ~₹15,000**:

• 🌟 **Munnar** (hill station) — Range: ₹800 to ₹2,500
   *Best time: September to May | Rating: 4.7⭐*

• 🌟 **Wayanad** (nature) — Range: ₹700 to ₹2,000
   *Best time: October to May | Rating: 4.7⭐*

• 🌟 **Alleppey** (backwaters) — Range: ₹500 to ₹1,800
   *Best time: November to February | Rating: 4.7⭐*

• 🌟 **Varkala** (beach) — Range: ₹600 to ₹1,800
   *Best time: October to March | Rating: 4.7⭐*

Would you like an itemized cost estimate or ",2026-10-04 16:06:40
61,0,Suggest places under 15000,"✨ **Recommended Destinations for Budget ~₹15,000**:

• 🌟 **Munnar** (hill station) — Range: ₹800 to ₹2,500
   *Best time: September to May | Rating: 4.7⭐*

• 🌟 **Wayanad** (nature) — Range: ₹700 to ₹2,000
   *Best time: October to May | Rating: 4.7⭐*

• 🌟 **Alleppey** (backwaters) — Range: ₹500 to ₹1,800
   *Best time: November to February | Rating: 4.7⭐*

• 🌟 **Varkala** (beach) — Range: ₹600 to ₹1,800
   *Best time: October to March | Rating: 4.7⭐*

Would you like an itemized cost estimate or ",2026-10-04 16:23:53
62,0,Suggest places under 15000,"✨ **Recommended Destinations for Budget ~₹15,000**:

• 🌟 **Munnar** (hill station) — Range: ₹800 to ₹2,500
   *Best time: September to May | Rating: 4.7⭐*

• 🌟 **Wayanad** (nature) — Range: ₹700 to ₹2,000
   *Best time: October to May | Rating: 4.7⭐*

• 🌟 **Alleppey** (backwaters) — Range: ₹500 to ₹1,800
   *Best time: November to February | Rating: 4.7⭐*

• 🌟 **Varkala** (beach) — Range: ₹600 to ₹1,800
   *Best time: October to March | Rating: 4.7⭐*

Would you like an itemized cost estimate or ",2026-10-04 16:31:28
63,0,Suggest places under 15000,"✨ **Recommended Destinations for Budget ~₹15,000**:

• 🌟 **Munnar** (hill station) — Range: ₹800 to ₹2,500
   *Best time: September to May | Rating: 4.7⭐*

• 🌟 **Wayanad** (nature) — Range: ₹700 to ₹2,000
   *Best time: October to May | Rating: 4.7⭐*

• 🌟 **Alleppey** (backwaters) — Range: ₹500 to ₹1,800
   *Best time: November to February | Rating: 4.7⭐*

• 🌟 **Varkala** (beach) — Range: ₹600 to ₹1,800
   *Best time: October to March | Rating: 4.7⭐*

Would you like an itemized cost estimate or ",2026-10-04 17:20:17
64,0,Suggest places under 15000,"✨ **Recommended Destinations for Budget ~₹15,000**:

• 🌟 **Munnar** (hill station) — Range: ₹800 to ₹2,500
   *Best time: September to May | Rating: 4.7⭐*

• 🌟 **Wayanad** (nature) — Range: ₹700 to ₹2,000
   *Best time: October to May | Rating: 4.7⭐*

• 🌟 **Alleppey** (backwaters) — Range: ₹500 to ₹1,800
   *Best time: November to February | Rating: 4.7⭐*

• 🌟 **Varkala** (beach) — Range: ₹600 to ₹1,800
   *Best time: October to March | Rating: 4.7⭐*

Would you like an itemized cost estimate or ",2026-10-04 17:22:43
65,0,Suggest places under 15000,"✨ **Recommended Destinations for Budget ~₹15,000**:

• 🌟 **Munnar** (hill station) — Range: ₹800 to ₹2,500
   *Best time: September to May | Rating: 4.7⭐*

• 🌟 **Wayanad** (nature) — Range: ₹700 to ₹2,000
   *Best time: October to May | Rating: 4.7⭐*

• 🌟 **Alleppey** (backwaters) — Range: ₹500 to ₹1,800
   *Best time: November to February | Rating: 4.7⭐*

• 🌟 **Varkala** (beach) — Range: ₹600 to ₹1,800
   *Best time: October to March | Rating: 4.7⭐*

Would you like an itemized cost estimate or ",2026-10-04 20:44:01
66,0,Suggest places under 15000,"✨ **Recommended Destinations for Budget ~₹15,000**:

• 🌟 **Munnar** (hill station) — Range: ₹800 to ₹2,500
   *Best time: September to May | Rating: 4.7⭐*

• 🌟 **Wayanad** (nature) — Range: ₹700 to ₹2,000
   *Best time: October to May | Rating: 4.7⭐*

• 🌟 **Alleppey** (backwaters) — Range: ₹500 to ₹1,800
   *Best time: November to February | Rating: 4.7⭐*

• 🌟 **Varkala** (beach) — Range: ₹600 to ₹1,800
   *Best time: October to March | Rating: 4.7⭐*

Would you like an itemized cost estimate or ",2026-10-04 23:14:21
67,0,Suggest places under 15000,"✨ **Recommended Destinations for Budget ~₹15,000**:

• 🌟 **Munnar** (hill station) — Range: ₹800 to ₹2,500
   *Best time: September to May | Rating: 4.7⭐*

• 🌟 **Wayanad** (nature) — Range: ₹700 to ₹2,000
   *Best time: October to May | Rating: 4.7⭐*

• 🌟 **Alleppey** (backwaters) — Range: ₹500 to ₹1,800
   *Best time: November to February | Rating: 4.7⭐*

• 🌟 **Varkala** (beach) — Range: ₹600 to ₹1,800
   *Best time: October to March | Rating: 4.7⭐*

Would you like an itemized cost estimate or ",2026-10-05 10:22:55
68,0,Suggest places under 15000,"✨ **Recommended Destinations for Budget ~₹15,000**:

• 🌟 **Munnar** (hill station) — Range: ₹800 to ₹2,500
   *Best time: September to May | Rating: 4.7⭐*

• 🌟 **Wayanad** (nature) — Range: ₹700 to ₹2,000
   *Best time: October to May | Rating: 4.7⭐*

• 🌟 **Alleppey** (backwaters) — Range: ₹500 to ₹1,800
   *Best time: November to February | Rating: 4.7⭐*

• 🌟 **Varkala** (beach) — Range: ₹600 to ₹1,800
   *Best time: October to March | Rating: 4.7⭐*

Would you like an itemized cost estimate or ",2026-10-05 10:52:45
69,0,Suggest places under 15000,"✨ **Recommended Destinations for Budget ~₹15,000**:

• 🌟 **Munnar** (hill station) — Range: ₹800 to ₹2,500
   *Best time: September to May | Rating: 4.7⭐*

• 🌟 **Wayanad** (nature) — Range: ₹700 to ₹2,000
   *Best time: October to May | Rating: 4.7⭐*

• 🌟 **Alleppey** (backwaters) — Range: ₹500 to ₹1,800
   *Best time: November to February | Rating: 4.7⭐*

• 🌟 **Varkala** (beach) — Range: ₹600 to ₹1,800
   *Best time: October to March | Rating: 4.7⭐*

Would you like an itemized cost estimate or ",2026-10-05 10:53:46
70,0,Suggest places under 15000,"✨ **Recommended Destinations for Budget ~₹15,000**:

• 🌟 **Munnar** (hill station) — Range: ₹800 to ₹2,500
   *Best time: September to May | Rating: 4.7⭐*

• 🌟 **Wayanad** (nature) — Range: ₹700 to ₹2,000
   *Best time: October to May | Rating: 4.7⭐*

• 🌟 **Alleppey** (backwaters) — Range: ₹500 to ₹1,800
   *Best time: November to February | Rating: 4.7⭐*

• 🌟 **Varkala** (beach) — Range: ₹600 to ₹1,800
   *Best time: October to March | Rating: 4.7⭐*

Would you like an itemized cost estimate or ",2026-10-05 10:58:00
71,0,Suggest places under 15000,"✨ **Recommended Destinations for Budget ~₹15,000**:

• 🌟 **Munnar** (hill station) — Range: ₹800 to ₹2,500
   *Best time: September to May | Rating: 4.7⭐*

• 🌟 **Wayanad** (nature) — Range: ₹700 to ₹2,000
   *Best time: October to May | Rating: 4.7⭐*

• 🌟 **Alleppey** (backwaters) — Range: ₹500 to ₹1,800
   *Best time: November to February | Rating: 4.7⭐*

• 🌟 **Varkala** (beach) — Range: ₹600 to ₹1,800
   *Best time: October to March | Rating: 4.7⭐*

Would you like an itemized cost estimate or ",2026-10-05 11:52:40
72,0,Suggest places under 15000,"✨ **Recommended Destinations for Budget ~₹15,000**:

• 🌟 **Munnar** (hill station) — Range: ₹800 to ₹2,500
   *Best time: September to May | Rating: 4.7⭐*

• 🌟 **Wayanad** (nature) — Range: ₹700 to ₹2,000
   *Best time: October to May | Rating: 4.7⭐*

• 🌟 **Alleppey** (backwaters) — Range: ₹500 to ₹1,800
   *Best time: November to February | Rating: 4.7⭐*

• 🌟 **Varkala** (beach) — Range: ₹600 to ₹1,800
   *Best time: October to March | Rating: 4.7⭐*

Would you like an itemized cost estimate or ",2026-10-05 12:04:45
73,0,Suggest places under 15000,"✨ **Recommended Destinations for Budget ~₹15,000**:

• 🌟 **Munnar** (hill station) — Range: ₹800 to ₹2,500
   *Best time: September to May | Rating: 4.7⭐*

• 🌟 **Wayanad** (nature) — Range: ₹700 to ₹2,000
   *Best time: October to May | Rating: 4.7⭐*

• 🌟 **Alleppey** (backwaters) — Range: ₹500 to ₹1,800
   *Best time: November to February | Rating: 4.7⭐*

• 🌟 **Varkala** (beach) — Range: ₹600 to ₹1,800
   *Best time: October to March | Rating: 4.7⭐*

Would you like an itemized cost estimate or ",2026-10-05 14:14:17
74,0,Suggest places under 15000,"✨ **Recommended Destinations for Budget ~₹15,000**:

• 🌟 **Munnar** (hill station) — Range: ₹800 to ₹2,500
   *Best time: September to May | Rating: 4.7⭐*

• 🌟 **Wayanad** (nature) — Range: ₹700 to ₹2,000
   *Best time: October to May | Rating: 4.7⭐*

• 🌟 **Alleppey** (backwaters) — Range: ₹500 to ₹1,800
   *Best time: November to February | Rating: 4.7⭐*

• 🌟 **Varkala** (beach) — Range: ₹600 to ₹1,800
   *Best time: October to March | Rating: 4.7⭐*

Would you like an itemized cost estimate or ",2026-10-05 14:14:49
