id,name,state,city,local_cities,category,description,best_time,budget_min,budget_max,image_url
1,Munnar,Kerala,Munnar,"Munnar, Devikulam, Adimali, Nedumkandam, Rajakkad, Marayoor, Chinnakanal, Anachal, Pallivasal, Vattavada",hill station,"Breathtaking hill station famous for lush green tea plantations, misty valleys, cool climate, and winding mountain roads.",September to May,800.0,2500.0,https://www.bontravelindia.com/wp-content/uploads/2022/11/Munnar-Tourism-Kerala-1000x565.jpg
2,Wayanad,Kerala,Kalpetta,"Kalpetta, Sulthan Bathery, Mananthavady, Meppadi, Vythiri, Padinjarathara, Panamaram, Ambalavayal, Pulpally, Thirunelly",nature,"Green highland destination known for forests, plantations, waterfalls, caves, wildlife, and scenic mountain landscapes.",October to May,700.0,2000.0,https://media1.thrillophilia.com/filestore/330j1qdk2shkzvymsagpujnwk97d_shutterstock_377921479.jpg
3,Alleppey,Kerala,Alappuzha,"Alappuzha, Ambalappuzha, Cherthala, Haripad, Kayamkulam, Chengannur, Aroor, Mararikulam, Muhamma, Kuttanad, Nedumudy, Champakulam",backwaters,"Famous backwater destination known for houseboats, canals, paddy fields, and peaceful village landscapes.",November to February,500.0,1800.0,https://dynamic-media-cdn.tripadvisor.com/media/photo-o/1c/cc/95/14/alleppey-backwater-tour.jpg?w=1200&h=900&s=1
4,Varkala,Kerala,Thiruvananthapuram,"Varkala, Edava, Kappil, Odayam, Sivagiri, Anchuthengu, Vakkom, Ayiroor, Cherunniyoor",beach,"Coastal destination famous for dramatic cliffs, sandy beaches, surfing, and spiritual tourism.",October to March,600.0,1800.0,https://www.holidify.com/images/bgImages/VARKALA.jpg
5,Kochi,Kerala,Kochi,"Kochi, Ernakulam, Fort Kochi, Mattancherry, Kakkanad, Edappally, Vyttila, Kaloor, Aluva, Tripunithura, Cherai, Bolgatty",city tourism,"Historic port city known for colonial heritage, maritime culture, markets, art, and vibrant urban life.",October to April,1000.0,3000.0,https://ts3.mm.bing.net/th?id=OIP.bJk2PMTZVmYBCHBzbNrojgHaEK&pid=15.1
6,Thekkady,Kerala,Kumily,"Kumily, Thekkady, Periyar, Vandiperiyar, Kattappana, Nedumkandam, Peermade",wildlife,"Popular highland destination known for forests, wildlife, spice plantations, boating, and trekking.",October to May,900.0,2800.0,https://hblimg.mmtcdn.com/content/hubble/img/desttvimg/mmt/destination/m_Thekkady_tv_destination_img_1_l_672_1008.jpg
7,Kovalam,Kerala,Thiruvananthapuram,"Kovalam, Vizhinjam, Vellayani, Chowara, Thiruvallam, Poovar",beach,"Famous coastal destination known for sandy beaches, seaside resorts, lighthouse views, and water activities.",September to March,700.0,2500.0,https://www.holidify.com/images/bgImages/KOVALAM.jpg
8,Kumarakom,Kerala,Kottayam,"Kumarakom, Kottayam, Vaikom, Muhamma, Cherpunkal, Changanassery",backwaters,"Peaceful backwater destination situated around Vembanad Lake and known for houseboats, bird watching, and resorts.",November to February,900.0,3000.0,https://im.whatshot.in/img/2020/Sep/shutterstock-545452072-cropped-1546935970-1601351857.jpg
9,Bekal,Kerala,Kasaragod,"Bekal, Kanhangad, Pallikkara, Udma, Kasaragod, Nileshwaram",heritage,"Coastal destination in northern Kerala known for historic heritage, beaches, and scenic Arabian Sea surroundings.",October to March,600.0,2000.0,https://www.indianholiday.com/wordpress/wp-content/uploads/2026/03/Best-Time-to-Visit-Bekal.jpg
10,Vagamon,Kerala,Idukki,"Vagamon, Elappara, Pullikkanam, Kuttikkanam, Peermade, Poonjar",hill station,"Peaceful hill destination known for green meadows, pine forests, misty valleys, trekking, and adventure activities.",October to March,700.0,2200.0,https://www.ekeralatourism.net/wp-content/uploads/2017/12/Vagamon-1.jpg
11,Thiruvananthapuram,Kerala,Thiruvananthapuram,"Thiruvananthapuram, Kowdiar, Palayam, East Fort, Vellayambalam, Akkulam, Sreekaryam",city tourism,"Capital city of Kerala known for cultural heritage, museums, temples, beaches, and historic architecture.",October to March,700.0,2500.0,https://deih43ym53wif.cloudfront.net/large_thiruvananthapuram-india-shutterstock_498424870_54ec620099.jpeg
12,Poovar,Kerala,Thiruvananthapuram,"Poovar, Vizhinjam, Neyyattinkara, Pozhiyoor, Kanjiramkulam",backwaters,"Scenic coastal destination where backwaters, river, sea, and sandy beaches meet.",October to March,800.0,2500.0,https://www.keralatourism.org/images/enchanting_kerala/large/poovar20210607132228_1090_1.jpg
13,Ponmudi,Kerala,Thiruvananthapuram,"Ponmudi, Vithura, Nedumangad, Kallar, Anappara, Peppara",hill station,"Misty hill destination known for mountain roads, forests, viewpoints, and cool weather.",November to March,600.0,1800.0,https://www.keralatourism.org/_next/image/?url=http:%2F%2F127.0.0.1%2Fktadmin%2Fimg%2Fpages%2Flarge-desktop%2Fponmudi-1728573914_d51268d5e5353e9b4d19.webp&w=3840&q=75
14,Kollam,Kerala,Kollam,"Kollam, Ashtamudi, Kureepuzha, Chinnakada, Thangassery, Mayyanad, Kottarakkara",backwaters,"Historic coastal destination known for backwaters, beaches, waterways, and traditional trading heritage.",October to March,600.0,2000.0,https://wallpaperaccess.com/full/25736374.jpg
15,Munroe Island,Kerala,Kollam,"Munroe Island, Kallada, Perinad, Kundara, Chittumala",backwaters,"Peaceful island destination known for narrow canals, canoe rides, coconut groves, and village life.",October to March,500.0,1800.0,https://www.keralatourism.org/_next/image/?url=http:%2F%2F127.0.0.1%2Fktadmin%2Fimg%2Fpages%2Ftablet%2Fmunroe-island-1725340721_047ef1ec7ff251377ddd.webp&w=1920&q=75
16,Thenmala,Kerala,Kollam,"Thenmala, Aryankavu, Kulathupuzha, Punalur, Shenduruney",eco tourism,"Eco-tourism destination surrounded by forests, reservoirs, hills, adventure activities, and nature trails.",October to February,500.0,1800.0,https://www.thenmalaecotourism.org/wp-content/uploads/2017/10/rosemala-thenmala-870x490.jpg
17,Kottayam,Kerala,Kottayam,"Kottayam, Kumarakom, Vaikom, Ettumanoor, Pala, Changanassery, Meenachil",nature,"Green destination surrounded by rubber plantations, waterways, hills, cultural sites, and rural landscapes.",October to March,600.0,1800.0,https://2.bp.blogspot.com/-2hwHf2Gxsdo/VslZ4sMynSI/AAAAAAAAE_0/seytu0Fyn1s/s1600/2.jpg
18,Vaikom,Kerala,Kottayam,"Vaikom, Kumarakom, Kottayam, Kaduthuruthy, Cherthala",pilgrimage,"Historic destination known for its cultural heritage, traditional temples, and surrounding backwater landscapes.",October to March,400.0,1400.0,https://www.poojn.in/wp-content/uploads/2025/06/Vaikom-Temple-Town-Keralas-Hidden-Gem-Backwaters-History-Culture.jpeg.jpg
19,Idukki,Kerala,Idukki,"Idukki, Cheruthoni, Painavu, Thodupuzha, Kattappana, Moolamattom",hill station,"Mountain destination known for reservoirs, forests, hills, wildlife, and spectacular Western Ghats scenery.",October to March,600.0,2200.0,https://images.travelandleisureasia.com/wp-content/uploads/sites/2/2025/08/05123106/Idukki-arch-dam.jpg
20,Ramakkalmedu,Kerala,Idukki,"Ramakkalmedu, Nedumkandam, Kattappana, Cumbummettu, Thekkady",hill station,"Windy mountain destination known for panoramic views, grasslands, trekking, and cool highland scenery.",October to March,500.0,1800.0,https://mediaim.expedia.com/destination/2/a2088ad8990582da245cebf098247af2.jpg
21,Marayoor,Kerala,Idukki,"Marayoor, Kanthalloor, Munnar, Chinnar, Chinnakanal",nature,"Mountain destination known for sandalwood forests, plantations, waterfalls, traditional villages, and scenic valleys.",October to March,600.0,2000.0,https://encrypted-tbn0.gstatic.com/images?q=tbn:ANd9GcTqLiWkf2hR7V9CKXqc7rVTP7FxaVShbRHmb5_d_T6MWA&s=10
22,Kanthalloor,Kerala,Idukki,"Kanthalloor, Marayoor, Munnar, Vattavada, Chinnar",hill station,"Cool highland destination known for fruit orchards, farms, misty mountains, and scenic valleys.",October to March,600.0,2000.0,https://b3681537.smushcdn.com/3681537/wp-content/uploads/2026/02/kanthalloor-waterfalls-munnar-1-1536x864.jpg?lossy=2&strip=1&webp=1
23,Peermade,Kerala,Idukki,"Peermade, Kuttikkanam, Vandiperiyar, Thekkady, Kumily",hill station,"Highland destination known for tea, coffee, cardamom plantations, forests, waterfalls, and mountain scenery.",October to March,600.0,2000.0,https://www.justkerala.in/wp-content/uploads/2013/08/Peermade.jpg
24,Pathanamthitta,Kerala,Pathanamthitta,"Pathanamthitta, Ranni, Konni, Aranmula, Pandalam, Adoor, Kozhencherry",pilgrimage,"Cultural and pilgrimage destination surrounded by forests, rivers, temples, and traditional villages.",October to March,500.0,1800.0,https://www.holidify.com/images/bgImages/PATHANAMTHITTA.jpg
25,Gavi,Kerala,Pathanamthitta,"Gavi, Ranni, Konni, Angamoozhy, Perunthenaruvi, Pathanamthitta",wildlife,"Forest destination known for eco-tourism, wildlife, lakes, trekking, and peaceful natural surroundings.",October to May,700.0,2200.0,https://www.munnar.holiday/munnartourism/wp-content/uploads/2025/06/gavi-kerala.jpg
26,Konni,Kerala,Pathanamthitta,"Konni, Adavi, Pathanapuram, Adoor, Ranni",eco tourism,"Forest destination known for elephant conservation, river activities, trekking, and nature tourism.",October to March,500.0,1700.0,"https://d3fphkxyf5o5bm.cloudfront.net/image-resize/format=webp,w=720/QwRY54Li1HMwD7oNfq0Uuep77MgLATIoMqWMHv4342"
27,Guruvayur,Kerala,Thrissur,"Guruvayur, Chavakkad, Punnayur, Kunnamkulam, Mammiyoor",pilgrimage,"Major pilgrimage destination known for its important temple, traditional culture, and spiritual tourism.",October to March,500.0,1800.0,https://www.holidify.com/images/bgImages/GURUVAYUR.jpg
28,Thrissur,Kerala,Thrissur,"Thrissur, Punkunnam, Ayyanthole, Ollur, Mannuthy, Puzhakkal",city tourism,"Cultural destination of Kerala known for festivals, traditional arts, temples, museums, and heritage.",October to March,600.0,2000.0,https://tse2.mm.bing.net/th/id/OIP.PWYMNKYZJ2JV9RvNBMKrVQHaFE?r=0&rs=1&pid=ImgDetMain&o=7&rm=3
29,Athirappilly,Kerala,Thrissur,"Athirappilly, Chalakudy, Vazhachal, Pariyaram, Vettilappara, Mala",waterfall,"Natural destination famous for spectacular waterfalls, dense forests, rivers, and scenic landscapes.",June to January,600.0,2000.0,https://goflyholidays.com/wp-content/uploads/2023/01/Athirappilly-kerala.jpg
30,Chavakkad,Kerala,Thrissur,"Chavakkad, Guruvayur, Punnayur, Engandiyur, Vadakkekad",beach,"Coastal destination near Guruvayur known for beaches, fishing villages, and traditional culture.",October to March,500.0,1600.0,https://th.bing.com/th/id/OIP.YrDQJ5DatzTyxYmewCWzvAHaEK?r=0&o=7rm=3&rs=1&pid=ImgDetMain&o=7&rm=3
31,Palakkad,Kerala,Palakkad,"Palakkad, Malampuzha, Ottapalam, Shoranur, Chittur, Mannarkkad",heritage,"Destination known for historic heritage, paddy fields, mountains, forests, and traditional Kerala landscapes.",October to March,500.0,1800.0,https://media-cdn.tripadvisor.com/media/photo-c/1280x250/0e/7c/99/42/img-5743-largejpg.jpg
32,Nelliyampathy,Kerala,Palakkad,"Nelliyampathy, Nenmara, Kollengode, Pothundy, Palakkad",hill station,"Mountain destination known for plantations, forests, viewpoints, winding roads, and cool climate.",October to March,600.0,2000.0,https://static2.tripoto.com/media/filter/nl/img/308363/TripDocument/1518000696_nelliyampathy9.jpg
33,Silent Valley,Kerala,Palakkad,"Silent Valley, Mannarkkad, Mukkali, Agali, Attappady",wildlife,"Pristine rainforest destination known for biodiversity, wildlife, trekking, and untouched natural landscapes.",October to February,700.0,2200.0,https://www.touristsecrets.com/wp-content/uploads/2023/09/silent-valley-national-park-india-hiking-kerala-adventures-1693659148.jpeg
34,Parambikulam,Kerala,Palakkad,"Parambikulam, Chittur, Nelliyampathy, Anamalai, Pollachi",wildlife,"Protected forest destination known for wildlife, reservoirs, trekking, biodiversity, and eco-tourism.",October to May,700.0,2300.0,https://media-cdn.tripadvisor.com/media/photo-s/13/19/f9/13/parambikulam-dam.jpg
35,Nilambur,Kerala,Malappuram,"Nilambur, Edavanna, Chungathara, Karulai, Vazhikkadavu",nature,"Forest destination famous for teak plantations, rivers, waterfalls, forests, and scenic countryside.",October to March,500.0,1800.0,https://static2.tripoto.com/media/filter/tst/img/1825491/TripDocument/1591437833_railway_beauty.jpg
36,Kottakkal,Kerala,Malappuram,"Kottakkal, Malappuram, Tirur, Parappanangadi, Vengara",wellness,"Wellness destination known for Ayurveda, traditional medicine, cultural heritage, and surrounding attractions.",October to March,500.0,1800.0,https://specialplacesofindia.com/wp-content/uploads/2024/03/Untitled-design-2024-06-07T161334.825.jpg
37,Kozhikode,Kerala,Kozhikode,"Kozhikode, Beypore, Kallai, Elathur, Nadakkavu, Feroke, Kappad",city tourism,"Historic Malabar destination known for beaches, cuisine, markets, culture, and maritime heritage.",October to March,600.0,2000.0,https://www.holidify.com/images/bgImages/KOZHIKODE.jpg
38,Kappad,Kerala,Kozhikode,"Kappad, Koyilandy, Moodadi, Payyoli, Kozhikode",beach,"Coastal destination known for its beach, peaceful surroundings, and maritime history.",October to March,400.0,1500.0,https://tse4.mm.bing.net/th/id/OIP.YL2sURG9zORBc-e_KTXYBQHaE8?r=0&rs=1&pid=ImgDetMain&o=7&rm=3
39,Beypore,Kerala,Kozhikode,"Beypore, Feroke, Kozhikode, Chaliyam, Kallai",heritage,"Historic port destination known for traditional wooden shipbuilding, harbour, and coastal culture.",October to March,400.0,1500.0,https://thumbs.dreamstime.com/b/ancient-maritime-port-tyndis-identified-kadalundi-chaliyam-beypore-region-chaliyam-fisheries-village-spread-over-326233442.jpg
40,Thusharagiri,Kerala,Kozhikode,"Thusharagiri, Kodenchery, Thamarassery, Kozhikode, Puthuppady",waterfall,"Mountain destination known for waterfalls, forests, streams, trekking, and scenic landscapes.",September to February,500.0,1700.0,https://www.thusharagiriecotourism.com/images/about/Thumbi-Thullum-Para-Waterfall-668937832.jpg
41,Kannur,Kerala,Kannur,"Kannur, Thalassery, Valapattanam, Chirakkal, Azhikode, Pallikunnu",heritage,"Historic coastal destination known for beaches, forts, Theyyam, handloom traditions, and cultural heritage.",October to March,600.0,2000.0,https://images.travelandleisureasia.com/wp-content/uploads/sites/2/2025/07/15144545/2048px-Views_from_and_around_St._Angelo_Fort_Kannur_158.jpg
42,Muzhappilangad,Kerala,Kannur,"Muzhappilangad, Thalassery, Dharmadam, Kannur, Edakkad",beach,"Coastal destination famous for its long drive-in beach, sandy shoreline, and Arabian Sea views.",October to March,500.0,1800.0,https://tse1.mm.bing.net/th/id/OIP.Wu3u08lmRqFr1-UrTYDkHgHaEb?r=0&rs=1&pid=ImgDetMain&o=7&rm=3
43,Thalassery,Kerala,Kannur,"Thalassery, Dharmadam, Muzhappilangad, Mahe, Panoor",heritage,"Historic Malabar destination known for forts, colonial heritage, cuisine, and cultural traditions.",October to March,500.0,1800.0,https://www.keralatourism.org/images/thalassery/static-banner/large/-17032020154205.jpg
44,Paithalmala,Kerala,Kannur,"Paithalmala, Alakode, Kottiyoor, Taliparamba, Kannur",hill station,"Scenic mountain destination known for trekking, misty hills, forests, and Western Ghats landscapes.",October to February,500.0,1700.0,https://dynamic-media-cdn.tripadvisor.com/media/photo-o/05/2b/7c/9b/paithal-hill-in-october.jpg?w=900&h=500&s=1
45,Kasaragod,Kerala,Kasaragod,"Kasaragod, Kanhangad, Bekal, Manjeshwar, Udma, Nileshwaram",heritage,"Northern Kerala destination known for coastal scenery, hills, cultural heritage, forts, and diverse traditions.",October to March,500.0,1800.0,https://th.bing.com/th/id/OIP.LBs0-rmrHZEp1b9AYLdw0gHaD8?r=0&o=7rm=3&rs=1&pid=ImgDetMain&o=7&rm=3
46,Ranipuram,Kerala,Kasaragod,"Ranipuram, Panathady, Konnakkad, Kanhangad, Kasaragod",hill station,"Mountain destination known for grasslands, forests, trekking trails, misty hills, and cool climate.",October to March,500.0,1800.0,https://www.keralatourism.org/images/enchanting_kerala/large/ranipuram20230608032457_1308_1.jpg
47,Nileshwaram,Kerala,Kasaragod,"Nileshwaram, Kanhangad, Hosdurg, Cheruvathur, Kasaragod",heritage,"Cultural destination known for traditional art forms, Theyyam, temples, and coastal landscapes.",October to March,500.0,1700.0,https://www.keralatourism.org/_next/image/?url=http:%2F%2F127.0.0.1%2Fktadmin%2Fimg%2Fpages%2Flarge-desktop%2Fnileshwaram-1724427751_52c8cb1607ebedc9e9c6.webp&w=3840&q=75
48,Kodikuthimala,Kerala,Malappuram,"Kodikuthimala, Perinthalmanna, Angadippuram, Mankada, Malappuram",hill station,Scenic hill destination offering panoramic views of the Malappuram countryside and surrounding green hills.,October to March,400.0,1500.0,https://tse2.mm.bing.net/th/id/OIP.WrkNCP0pMpdyE0ttlnIohwHaE8?r=0&rs=1&pid=ImgDetMain&o=7&rm=3
49,Attappady,Kerala,Palakkad,"Attappady, Agali, Mannarkkad, Sholayar, Anakkampoyil",eco tourism,"Mountain region known for forests, tribal culture, rivers, hills, biodiversity, and rural landscapes.",October to February,500.0,1800.0,https://dynamic-media-cdn.tripadvisor.com/media/photo-o/0a/c5/e5/86/view-of-7th-hill.jpg?w=800&h=600&s=1
50,Tanur,Kerala,Malappuram,"Tanur, Tirur, Parappanangadi, Vettom, Valavannur",beach,"Coastal destination known for sandy beaches, fishing villages, estuaries, and traditional Malabar culture.",October to March,400.0,1500.0,https://www.keralatourism.org/ktadmin/img/pages/tablet/tanur-malappuram-1727428191_913ddb9018a43986763e.webp
