id,destination_id,name,hotel_type,price_per_night,rating,address,total_rooms,website,amenities
1,1,Tea Valley Resort,Resort,3500.0,4.5,"Chithirapuram, Munnar",20,https://www.teavalleyresort.com,"Free Wifi, Campfire, Restaurant"
2,1,Munnar Castle,Hotel,1800.0,4.0,Munnar Town,30,https://munnarcastle.in,"Free Wifi, LED TV, Room Service"
13,1,Munnar Central Boutique Hotel,Boutique Hotel,1450.0,4.1,"Near Eravikulam National Park, Munnar, Munnar",12,,"Free Wifi, Breakfast, Parking"
14,1,Munnar Green Valley Resort,Resort,2600.0,4.2,"Near Mattupetty Dam, Munnar, Munnar",8,,"Wifi, Restaurant, Family Rooms"
3,2,Vythiri Village Resort,Luxury Resort,7500.0,4.7,"Vythiri, Wayanad",40,https://www.vythirivillage.com,"Pool, Spa, Wifi, Trekking"
4,2,Green Gates Hotel,Hotel,2200.0,4.1,"Kalpetta, Wayanad",25,https://www.greengateshotel.com,"Gym, Restaurant, Wifi"
15,2,Wayanad Central Boutique Hotel,Boutique Hotel,1200.0,4.2,"Near Edakkal Caves, Kalpetta, Wayanad",12,,"Wifi, Restaurant, Family Rooms"
16,2,Wayanad Green Valley Resort,Resort,2100.0,4.3,"Near Chembra Peak, Kalpetta, Wayanad",8,,"Wifi, Pool, Restaurant, Room Service"
5,3,Lake Palace Backwater Resort,Resort,9000.0,4.8,"Thathampally, Alleppey",15,https://www.lakepalaceresort.com,"Lake View, Pool, Spa, Houseboat cruises"
6,3,Zostel Alappuzha,Hostel,800.0,4.4,Alleppey Beach Road,10,https://book.zostel.com/zostel/alleppey/,"Wifi, Cafe, Locker, Beach Front"
17,3,Alleppey Central Boutique Hotel,Boutique Hotel,1000.0,4.3,"Near Vembanad Lake Houseboats, Alappuzha, Alleppey",12,,"Wifi, Pool, Restaurant, Room Service"
18,3,Alleppey Green Valley Resort,Resort,1850.0,4.4,"Near Alappuzha Beach, Alappuzha, Alleppey",8,,"Free Wifi, Parking, Room Service"
7,4,Clifftoten Resort,Resort,3200.0,4.3,"North Cliff, Varkala",15,,"Sea View, Wifi, Cafe, Yoga"
19,4,Varkala Central Homestay,Homestay,650.0,4.4,"Near Papanasam Beach Cliff, Varkala, Varkala",12,,"Free Wifi, Parking, Room Service"
20,4,Varkala Green Valley Boutique Hotel,Boutique Hotel,1250.0,4.5,"Near Janardanaswamy Temple, Varkala, Varkala",8,,"Free Wifi, Breakfast, Parking"
21,4,Varkala Heritage Resort,Resort,2050.0,4.6,"Near Sivagiri Mutt, Varkala, Varkala",20,,"Wifi, Restaurant, Family Rooms"
8,5,Brunton Boatyard,Luxury Hotel,12000.0,4.9,Fort Kochi,22,,"Historic Architecture, Swimming Pool, High-end Dining"
9,5,Fort House Hotel,Boutique Hotel,2500.0,4.2,Fort Kochi,18,,"Wifi, Waterfront Dining, Garden"
22,5,Kochi Central Boutique Hotel,Boutique Hotel,1750.0,4.5,"Near Fort Kochi Chinese Fishing Nets, Kochi, Kochi",12,,"Free Wifi, Breakfast, Parking"
23,5,Kochi Green Valley Resort,Resort,3150.0,4.6,"Near Mattancherry Dutch Palace, Kochi, Kochi",8,,"Wifi, Restaurant, Family Rooms"
10,6,Rainforest Resort,Luxury Resort,11000.0,4.8,Athirappilly Falls,10,,"Waterfall View, Pool, Forest Walk"
24,6,Thekkady Central Homestay,Homestay,950.0,4.6,"Near Periyar Lake Boating, Kumily, Thekkady",12,,"Wifi, Restaurant, Family Rooms"
25,6,Thekkady Green Valley Boutique Hotel,Boutique Hotel,1950.0,4.7,"Near Jungle Bamboo Rafting, Kumily, Thekkady",8,,"Wifi, Pool, Restaurant, Room Service"
26,6,Thekkady Heritage Resort,Resort,3150.0,4.0,"Near Periyar Tiger Reserve, Kumily, Thekkady",20,,"Free Wifi, Parking, Room Service"
11,7,Jungle Park Resort,Resort,2800.0,4.2,"Kumily, Thekkady",20,https://jungleparkresorts.in,"Wifi, Spice tour booking, Restaurant"
27,7,Kovalam Central Homestay,Homestay,800.0,4.7,"Near Kovalam Lighthouse, Kovalam, Kovalam",12,,"Wifi, Pool, Restaurant, Room Service"
28,7,Kovalam Green Valley Boutique Hotel,Boutique Hotel,1700.0,4.0,"Near Lighthouse Beach, Kovalam, Kovalam",8,,"Free Wifi, Parking, Room Service"
29,7,Kovalam Heritage Resort,Resort,2750.0,4.1,"Near Hawa Beach, Kovalam, Kovalam",20,,"Free Wifi, Breakfast, Parking"
12,8,The Leela Kovalam,Luxury Resort,14000.0,4.9,Kovalam Beach,50,https://www.theleela.com/the-leela-kovalam-a-raviz-hotel,"Infinity Pool, Private Beach Access, Ayurveda Spa"
30,8,Kumarakom Central Homestay,Homestay,1000.0,4.0,"Near Kumarakom Bird Sanctuary, Kumarakom, Kumarakom",12,,"Free Wifi, Parking, Room Service"
31,8,Kumarakom Green Valley Boutique Hotel,Boutique Hotel,2050.0,4.1,"Near Vembanad Lake, Kumarakom, Kumarakom",8,,"Free Wifi, Breakfast, Parking"
32,8,Kumarakom Heritage Resort,Resort,3350.0,4.2,"Near Kumarakom Backwaters, Kumarakom, Kumarakom",20,,"Wifi, Restaurant, Family Rooms"
33,9,Bekal Central Budget Hotel,Budget Hotel,750.0,4.1,"Near Bekal Fort, Bekal, Bekal",12,,"Free Wifi, Breakfast, Parking"
34,9,Bekal Green Valley Homestay,Homestay,800.0,4.2,"Near Bekal Beach, Bekal, Bekal",8,,"Wifi, Restaurant, Family Rooms"
35,9,Bekal Heritage Boutique Hotel,Boutique Hotel,1500.0,4.3,"Near Kappil Beach Kasaragod, Bekal, Bekal",20,,"Wifi, Pool, Restaurant, Room Service"
36,9,Bekal Lake View Resort,Resort,2300.0,4.4,"Near Ranipuram Hills, Bekal, Bekal",16,,"Free Wifi, Parking, Room Service"
37,10,Vagamon Central Budget Hotel,Budget Hotel,850.0,4.2,"Near Vagamon Pine Forest, Vagamon, Vagamon",12,,"Wifi, Restaurant, Family Rooms"
38,10,Vagamon Green Valley Homestay,Homestay,900.0,4.3,"Near Vagamon Meadows, Vagamon, Vagamon",8,,"Wifi, Pool, Restaurant, Room Service"
39,10,Vagamon Heritage Boutique Hotel,Boutique Hotel,1700.0,4.4,"Near Vagamon Lake, Vagamon, Vagamon",20,,"Free Wifi, Parking, Room Service"
40,10,Vagamon Lake View Resort,Resort,2550.0,4.5,"Near Vagamon Adventure Park, Vagamon, Vagamon",16,,"Free Wifi, Breakfast, Parking"
41,11,Thiruvananthapuram Central Budget Hotel,Budget Hotel,900.0,4.3,"Near Sree Padmanabhaswamy Temple, Thiruvananthapuram, Thiruvananthapuram",12,,"Wifi, Pool, Restaurant, Room Service"
42,11,Thiruvananthapuram Green Valley Homestay,Homestay,1000.0,4.4,"Near Napier Museum, Thiruvananthapuram, Thiruvananthapuram",8,,"Free Wifi, Parking, Room Service"
43,11,Thiruvananthapuram Heritage Boutique Hotel,Boutique Hotel,1850.0,4.5,"Near Kovalam Beach, Thiruvananthapuram, Thiruvananthapuram",20,,"Free Wifi, Breakfast, Parking"
44,11,Thiruvananthapuram Lake View Resort,Resort,2900.0,4.6,"Near Kuthira Malika Palace, Thiruvananthapuram, Thiruvananthapuram",16,,"Wifi, Restaurant, Family Rooms"
45,12,Poovar Central Budget Hotel,Budget Hotel,950.0,4.4,"Near Poovar Beach, Poovar, Poovar",12,,"Free Wifi, Parking, Room Service"
46,12,Poovar Green Valley Homestay,Homestay,1050.0,4.5,"Near Poovar Backwaters, Poovar, Poovar",8,,"Free Wifi, Breakfast, Parking"
47,12,Poovar Heritage Boutique Hotel,Boutique Hotel,1900.0,4.6,"Near Golden Sand Beach, Poovar, Poovar",20,,"Wifi, Restaurant, Family Rooms"
48,12,Poovar Lake View Resort,Resort,2900.0,4.7,"Near Poovar Island, Poovar, Poovar",16,,"Wifi, Pool, Restaurant, Room Service"
49,13,Ponmudi Central Budget Hotel,Budget Hotel,700.0,4.5,"Near Ponmudi Hills, Ponmudi, Ponmudi",12,,"Free Wifi, Breakfast, Parking"
50,13,Ponmudi Green Valley Homestay,Homestay,750.0,4.6,"Near Golden Valley, Ponmudi, Ponmudi",8,,"Wifi, Restaurant, Family Rooms"
51,13,Ponmudi Heritage Boutique Hotel,Boutique Hotel,1400.0,4.7,"Near Kallar River, Ponmudi, Ponmudi",20,,"Wifi, Pool, Restaurant, Room Service"
52,13,Ponmudi Lake View Resort,Resort,2100.0,4.0,"Near Peppara Wildlife Sanctuary, Ponmudi, Ponmudi",16,,"Free Wifi, Parking, Room Service"
53,14,Kollam Central Budget Hotel,Budget Hotel,750.0,4.6,"Near Ashtamudi Lake, Kollam, Kollam",12,,"Wifi, Restaurant, Family Rooms"
54,14,Kollam Green Valley Homestay,Homestay,800.0,4.7,"Near Kollam Beach, Kollam, Kollam",8,,"Wifi, Pool, Restaurant, Room Service"
55,14,Kollam Heritage Boutique Hotel,Boutique Hotel,1500.0,4.0,"Near Thangassery Lighthouse, Kollam, Kollam",20,,"Free Wifi, Parking, Room Service"
56,14,Kollam Lake View Resort,Resort,2300.0,4.1,"Near Ashtamudi Backwaters, Kollam, Kollam",16,,"Free Wifi, Breakfast, Parking"
57,15,Munroe Island Central Budget Hotel,Budget Hotel,650.0,4.7,"Near Munroe Island Backwaters, Munroe Island, Munroe Island",12,,"Wifi, Pool, Restaurant, Room Service"
58,15,Munroe Island Green Valley Homestay,Homestay,700.0,4.0,"Near Kallada River, Munroe Island, Munroe Island",8,,"Free Wifi, Parking, Room Service"
59,15,Munroe Island Heritage Boutique Hotel,Boutique Hotel,1350.0,4.1,"Near Munroe Island Canoeing, Munroe Island, Munroe Island",20,,"Free Wifi, Breakfast, Parking"
60,15,Munroe Island Lake View Resort,Resort,2100.0,4.2,"Near Munroe Island Village, Munroe Island, Munroe Island",16,,"Wifi, Restaurant, Family Rooms"
61,16,Thenmala Central Budget Hotel,Budget Hotel,650.0,4.0,"Near Thenmala Dam, Thenmala, Thenmala",12,,"Free Wifi, Parking, Room Service"
62,16,Thenmala Green Valley Homestay,Homestay,700.0,4.1,"Near Thenmala Eco Park, Thenmala, Thenmala",8,,"Free Wifi, Breakfast, Parking"
63,16,Thenmala Heritage Boutique Hotel,Boutique Hotel,1350.0,4.2,"Near Shenduruney Wildlife Sanctuary, Thenmala, Thenmala",20,,"Wifi, Restaurant, Family Rooms"
64,16,Thenmala Lake View Resort,Resort,2100.0,4.3,"Near Thenmala Adventure Zone, Thenmala, Thenmala",16,,"Wifi, Pool, Restaurant, Room Service"
65,17,Kottayam Central Budget Hotel,Budget Hotel,700.0,4.1,"Near Illikkal Kallu, Kottayam, Kottayam",12,,"Free Wifi, Breakfast, Parking"
66,17,Kottayam Green Valley Homestay,Homestay,750.0,4.2,"Near Elaveezhapoonchira, Kottayam, Kottayam",8,,"Wifi, Restaurant, Family Rooms"
67,17,Kottayam Heritage Boutique Hotel,Boutique Hotel,1400.0,4.3,"Near Kumarakom Backwaters, Kottayam, Kottayam",20,,"Wifi, Pool, Restaurant, Room Service"
68,17,Kottayam Lake View Resort,Resort,2100.0,4.4,"Near Vagamon Hills, Kottayam, Kottayam",16,,"Free Wifi, Parking, Room Service"
69,18,Vaikom Central Budget Hotel,Budget Hotel,500.0,4.2,"Near Vaikom Mahadeva Temple, Vaikom, Vaikom",12,,"Wifi, Restaurant, Family Rooms"
70,18,Vaikom Green Valley Homestay,Homestay,550.0,4.3,"Near Vembanad Lake, Vaikom, Vaikom",8,,"Wifi, Pool, Restaurant, Room Service"
71,18,Vaikom Heritage Boutique Hotel,Boutique Hotel,1050.0,4.4,"Near Vaikom Backwaters, Vaikom, Vaikom",20,,"Free Wifi, Parking, Room Service"
72,18,Vaikom Lake View Resort,Resort,1600.0,4.5,"Near Thanneermukkom Bund, Vaikom, Vaikom",16,,"Free Wifi, Breakfast, Parking"
73,19,Idukki Central Budget Hotel,Budget Hotel,800.0,4.3,"Near Idukki Dam, Idukki, Idukki",12,,"Wifi, Pool, Restaurant, Room Service"
74,19,Idukki Green Valley Homestay,Homestay,850.0,4.4,"Near Idukki Wildlife Sanctuary, Idukki, Idukki",8,,"Free Wifi, Parking, Room Service"
75,19,Idukki Heritage Boutique Hotel,Boutique Hotel,1650.0,4.5,"Near Cheruthoni Dam, Idukki, Idukki",20,,"Free Wifi, Breakfast, Parking"
76,19,Idukki Lake View Resort,Resort,2550.0,4.6,"Near Kalvari Mount, Idukki, Idukki",16,,"Wifi, Restaurant, Family Rooms"
77,20,Ramakkalmedu Central Budget Hotel,Budget Hotel,650.0,4.4,"Near Ramakkalmedu Viewpoint, Ramakkalmedu, Ramakkalmedu",12,,"Free Wifi, Parking, Room Service"
78,20,Ramakkalmedu Green Valley Homestay,Homestay,700.0,4.5,"Near Kuravan and Kurathi Statue, Ramakkalmedu, Ramakkalmedu",8,,"Free Wifi, Breakfast, Parking"
79,20,Ramakkalmedu Heritage Boutique Hotel,Boutique Hotel,1350.0,4.6,"Near Ramakkalmedu Hills, Ramakkalmedu, Ramakkalmedu",20,,"Wifi, Restaurant, Family Rooms"
80,20,Ramakkalmedu Lake View Resort,Resort,2100.0,4.7,"Near Wind Farm, Ramakkalmedu, Ramakkalmedu",16,,"Wifi, Pool, Restaurant, Room Service"
81,21,Marayoor Sandal Breeze Resort,Resort,2400.0,4.5,"Near Sandalwood Forest, Marayoor",12,,"Wifi, Campfire, Mountain View"
82,21,Chinnar Valley Homestay,Homestay,1200.0,4.6,Marayoor Town Center,8,,"Free Wifi, Home Cooked Meals"
83,21,Marayoor Heritage Boutique Hotel,Boutique Hotel,1800.0,4.7,"Dolmens View Road, Marayoor",20,,"Free Wifi, Breakfast, Parking"
84,21,Sandal County Luxury Stay,Luxury Stay,3200.0,4.8,Marayoor Highlands,16,,"Pool, Spa, Wifi, Trekking"
85,22,Kanthalloor Orchard Farmstay,Farmstay,1800.0,4.7,"Apple & Orange Farm Road, Kanthalloor",12,,"Farm Tour, Free Wifi, Breakfast"
86,22,Kanthalloor Valley View Resort,Resort,2600.0,4.6,"Pattisseri Valley, Kanthalloor",8,,"Mountain View, Campfire, Restaurant"
87,22,Kanthalloor Mist Haven Hotel,Hotel,1400.0,4.3,Kanthalloor Main Junction,20,,"Free Wifi, Parking, Room Service"
88,22,Anamudi Shola Eco Resort,Eco Resort,3500.0,4.8,"Near Shola National Park, Kanthalloor",16,,"Forest Trekking, Organic Meals, Wifi"
89,23,Peermade Central Budget Hotel,Budget Hotel,750.0,4.7,"Near Kuttikkanam, Peermade, Peermade",12,,"Wifi, Pool, Restaurant, Room Service"
90,23,Peermade Green Valley Homestay,Homestay,800.0,4.0,"Near Grampi, Peermade, Peermade",8,,"Free Wifi, Parking, Room Service"
91,23,Peermade Heritage Boutique Hotel,Boutique Hotel,1500.0,4.1,"Near Parunthumpara, Peermade, Peermade",20,,"Free Wifi, Breakfast, Parking"
92,23,Peermade Lake View Resort,Resort,2300.0,4.2,"Near Peeru Hills, Peermade, Peermade",16,,"Wifi, Restaurant, Family Rooms"
93,24,Pathanamthitta Central Budget Hotel,Budget Hotel,650.0,4.0,"Near Aranmula, Pathanamthitta, Pathanamthitta",12,,"Free Wifi, Parking, Room Service"
94,24,Pathanamthitta Green Valley Homestay,Homestay,700.0,4.1,"Near Konni Elephant Training Centre, Pathanamthitta, Pathanamthitta",8,,"Free Wifi, Breakfast, Parking"
95,24,Pathanamthitta Heritage Boutique Hotel,Boutique Hotel,1350.0,4.2,"Near Perunthenaruvi Waterfall, Pathanamthitta, Pathanamthitta",20,,"Wifi, Restaurant, Family Rooms"
96,24,Pathanamthitta Lake View Resort,Resort,2100.0,4.3,"Near Pandalam Palace, Pathanamthitta, Pathanamthitta",16,,"Wifi, Pool, Restaurant, Room Service"
97,25,Gavi Central Budget Hotel,Budget Hotel,850.0,4.1,"Near Gavi Lake, Gavi, Gavi",12,,"Free Wifi, Breakfast, Parking"
98,25,Gavi Green Valley Homestay,Homestay,900.0,4.2,"Near Gavi Wildlife Sanctuary, Gavi, Gavi",8,,"Wifi, Restaurant, Family Rooms"
99,25,Gavi Heritage Boutique Hotel,Boutique Hotel,1700.0,4.3,"Near Kochu Pamba, Gavi, Gavi",20,,"Wifi, Pool, Restaurant, Room Service"
100,25,Gavi Lake View Resort,Resort,2550.0,4.4,"Near Green Mansion, Gavi, Gavi",16,,"Free Wifi, Parking, Room Service"
101,26,Konni Central Budget Hotel,Budget Hotel,650.0,4.2,"Near Konni Elephant Camp, Konni, Konni",12,,"Wifi, Restaurant, Family Rooms"
102,26,Konni Green Valley Homestay,Homestay,700.0,4.3,"Near Adavi Eco Tourism, Konni, Konni",8,,"Wifi, Pool, Restaurant, Room Service"
103,26,Konni Heritage Boutique Hotel,Boutique Hotel,1300.0,4.4,"Near Kallar River, Konni, Konni",20,,"Free Wifi, Parking, Room Service"
104,26,Konni Lake View Resort,Resort,1950.0,4.5,"Near Achankovil Forest, Konni, Konni",16,,"Free Wifi, Breakfast, Parking"
105,27,Guruvayur Central Budget Hotel,Budget Hotel,650.0,4.3,"Near Guruvayur Temple, Guruvayur, Guruvayur",12,,"Wifi, Pool, Restaurant, Room Service"
106,27,Guruvayur Green Valley Homestay,Homestay,700.0,4.4,"Near Punnathur Kotta, Guruvayur, Guruvayur",8,,"Free Wifi, Parking, Room Service"
107,27,Guruvayur Heritage Boutique Hotel,Boutique Hotel,1350.0,4.5,"Near Mammiyoor Temple, Guruvayur, Guruvayur",20,,"Free Wifi, Breakfast, Parking"
108,27,Guruvayur Lake View Resort,Resort,2100.0,4.6,"Near Chavakkad Beach, Guruvayur, Guruvayur",16,,"Wifi, Restaurant, Family Rooms"
109,28,Thrissur Central Budget Hotel,Budget Hotel,750.0,4.4,"Near Vadakkunnathan Temple, Thrissur, Thrissur",12,,"Free Wifi, Parking, Room Service"
110,28,Thrissur Green Valley Homestay,Homestay,800.0,4.5,"Near Thrissur Zoo, Thrissur, Thrissur",8,,"Free Wifi, Breakfast, Parking"
111,28,Thrissur Heritage Boutique Hotel,Boutique Hotel,1500.0,4.6,"Near Kerala Kalamandalam, Thrissur, Thrissur",20,,"Wifi, Restaurant, Family Rooms"
112,28,Thrissur Lake View Resort,Resort,2300.0,4.7,"Near Shakthan Thampuran Palace, Thrissur, Thrissur",16,,"Wifi, Pool, Restaurant, Room Service"
113,29,Athirappilly Central Budget Hotel,Budget Hotel,750.0,4.5,"Near Athirappilly Waterfalls, Athirappilly, Athirappilly",12,,"Free Wifi, Breakfast, Parking"
114,29,Athirappilly Green Valley Homestay,Homestay,800.0,4.6,"Near Vazhachal Waterfalls, Athirappilly, Athirappilly",8,,"Wifi, Restaurant, Family Rooms"
115,29,Athirappilly Heritage Boutique Hotel,Boutique Hotel,1500.0,4.7,"Near Thumboormuzhy Dam, Athirappilly, Athirappilly",20,,"Wifi, Pool, Restaurant, Room Service"
116,29,Athirappilly Lake View Resort,Resort,2300.0,4.0,"Near Charpa Falls, Athirappilly, Athirappilly",16,,"Free Wifi, Parking, Room Service"
117,30,Chavakkad Central Budget Hotel,Budget Hotel,600.0,4.6,"Near Chavakkad Beach, Chavakkad, Chavakkad",12,,"Wifi, Restaurant, Family Rooms"
118,30,Chavakkad Green Valley Homestay,Homestay,650.0,4.7,"Near Manathala Beach, Chavakkad, Chavakkad",8,,"Wifi, Pool, Restaurant, Room Service"
119,30,Chavakkad Heritage Boutique Hotel,Boutique Hotel,1200.0,4.0,"Near Guruvayur Temple, Chavakkad, Chavakkad",20,,"Free Wifi, Parking, Room Service"
120,30,Chavakkad Lake View Resort,Resort,1850.0,4.1,"Near Mammiyoor Temple, Chavakkad, Chavakkad",16,,"Free Wifi, Breakfast, Parking"
121,31,Palakkad Central Budget Hotel,Budget Hotel,650.0,4.7,"Near Palakkad Fort, Palakkad, Palakkad",12,,"Wifi, Pool, Restaurant, Room Service"
122,31,Palakkad Green Valley Homestay,Homestay,700.0,4.0,"Near Malampuzha Dam, Palakkad, Palakkad",8,,"Free Wifi, Parking, Room Service"
123,31,Palakkad Heritage Boutique Hotel,Boutique Hotel,1350.0,4.1,"Near Malampuzha Garden, Palakkad, Palakkad",20,,"Free Wifi, Breakfast, Parking"
124,31,Palakkad Lake View Resort,Resort,2100.0,4.2,"Near Parambikulam Wildlife Sanctuary, Palakkad, Palakkad",16,,"Wifi, Restaurant, Family Rooms"
125,32,Nelliyampathy Central Budget Hotel,Budget Hotel,750.0,4.0,"Near Nelliyampathy Hills, Nelliyampathy, Nelliyampathy",12,,"Free Wifi, Parking, Room Service"
126,32,Nelliyampathy Green Valley Homestay,Homestay,800.0,4.1,"Near Pothundy Dam, Nelliyampathy, Nelliyampathy",8,,"Free Wifi, Breakfast, Parking"
127,32,Nelliyampathy Heritage Boutique Hotel,Boutique Hotel,1500.0,4.2,"Near Seetharkundu Viewpoint, Nelliyampathy, Nelliyampathy",20,,"Wifi, Restaurant, Family Rooms"
128,32,Nelliyampathy Lake View Resort,Resort,2300.0,4.3,"Near Kesavan Para, Nelliyampathy, Nelliyampathy",16,,"Wifi, Pool, Restaurant, Room Service"
129,33,Silent Valley Central Budget Hotel,Budget Hotel,850.0,4.1,"Near Sairandhri, Silent Valley, Silent Valley",12,,"Free Wifi, Breakfast, Parking"
130,33,Silent Valley Green Valley Homestay,Homestay,900.0,4.2,"Near Kunthi River, Silent Valley, Silent Valley",8,,"Wifi, Restaurant, Family Rooms"
131,33,Silent Valley Heritage Boutique Hotel,Boutique Hotel,1700.0,4.3,"Near Silent Valley Watchtower, Silent Valley, Silent Valley",20,,"Wifi, Pool, Restaurant, Room Service"
132,33,Silent Valley Lake View Resort,Resort,2550.0,4.4,"Near Silent Valley National Park, Silent Valley, Silent Valley",16,,"Free Wifi, Parking, Room Service"
133,34,Parambikulam Central Budget Hotel,Budget Hotel,850.0,4.2,"Near Parambikulam Tiger Reserve, Parambikulam, Parambikulam",12,,"Wifi, Restaurant, Family Rooms"
134,34,Parambikulam Green Valley Homestay,Homestay,950.0,4.3,"Near Parambikulam Dam, Parambikulam, Parambikulam",8,,"Wifi, Pool, Restaurant, Room Service"
135,34,Parambikulam Heritage Boutique Hotel,Boutique Hotel,1750.0,4.4,"Near Thunakadavu Dam, Parambikulam, Parambikulam",20,,"Free Wifi, Parking, Room Service"
136,34,Parambikulam Lake View Resort,Resort,2650.0,4.5,"Near Parambikulam Wildlife Safari, Parambikulam, Parambikulam",16,,"Free Wifi, Breakfast, Parking"
137,35,Nilambur Central Budget Hotel,Budget Hotel,650.0,4.3,"Near Nilambur Teak Museum, Nilambur, Nilambur",12,,"Wifi, Pool, Restaurant, Room Service"
138,35,Nilambur Green Valley Homestay,Homestay,700.0,4.4,"Near Conolly's Plot, Nilambur, Nilambur",8,,"Free Wifi, Parking, Room Service"
139,35,Nilambur Heritage Boutique Hotel,Boutique Hotel,1350.0,4.5,"Near Adyanpara Waterfalls, Nilambur, Nilambur",20,,"Free Wifi, Breakfast, Parking"
140,35,Nilambur Lake View Resort,Resort,2100.0,4.6,"Near Nedumkayam Rainforest, Nilambur, Nilambur",16,,"Wifi, Restaurant, Family Rooms"
141,36,Kottakkal Central Budget Hotel,Budget Hotel,650.0,4.4,"Near Kottakkal Arya Vaidya Sala, Kottakkal, Kottakkal",12,,"Free Wifi, Parking, Room Service"
142,36,Kottakkal Green Valley Homestay,Homestay,700.0,4.5,"Near Kottakkunnu, Kottakkal, Kottakkal",8,,"Free Wifi, Breakfast, Parking"
143,36,Kottakkal Heritage Boutique Hotel,Boutique Hotel,1350.0,4.6,"Near Tirur Thunchan Parambu, Kottakkal, Kottakkal",20,,"Wifi, Restaurant, Family Rooms"
144,36,Kottakkal Lake View Resort,Resort,2100.0,4.7,"Near Malappuram Kottakkunnu, Kottakkal, Kottakkal",16,,"Wifi, Pool, Restaurant, Room Service"
145,37,Kozhikode Central Budget Hotel,Budget Hotel,750.0,4.5,"Near Kozhikode Beach, Kozhikode, Kozhikode",12,,"Free Wifi, Breakfast, Parking"
146,37,Kozhikode Green Valley Homestay,Homestay,800.0,4.6,"Near Mananchira Square, Kozhikode, Kozhikode",8,,"Wifi, Restaurant, Family Rooms"
147,37,Kozhikode Heritage Boutique Hotel,Boutique Hotel,1500.0,4.7,"Near Beypore Port, Kozhikode, Kozhikode",20,,"Wifi, Pool, Restaurant, Room Service"
148,37,Kozhikode Lake View Resort,Resort,2300.0,4.0,"Near Kappad Beach, Kozhikode, Kozhikode",16,,"Free Wifi, Parking, Room Service"
149,38,Kappad Central Budget Hotel,Budget Hotel,550.0,4.6,"Near Kappad Beach, Kappad, Kappad",12,,"Wifi, Restaurant, Family Rooms"
150,38,Kappad Green Valley Homestay,Homestay,600.0,4.7,"Near Kappad Backwaters, Kappad, Kappad",8,,"Wifi, Pool, Restaurant, Room Service"
151,38,Kappad Heritage Boutique Hotel,Boutique Hotel,1100.0,4.0,"Near Kadalundi Bird Sanctuary, Kappad, Kappad",20,,"Free Wifi, Parking, Room Service"
152,38,Kappad Lake View Resort,Resort,1750.0,4.1,"Near Koyilandy Beach, Kappad, Kappad",16,,"Free Wifi, Breakfast, Parking"
153,39,Beypore Central Budget Hotel,Budget Hotel,550.0,4.7,"Near Beypore Beach, Beypore, Beypore",12,,"Wifi, Pool, Restaurant, Room Service"
154,39,Beypore Green Valley Homestay,Homestay,600.0,4.0,"Near Beypore Pulimuttu, Beypore, Beypore",8,,"Free Wifi, Parking, Room Service"
155,39,Beypore Heritage Boutique Hotel,Boutique Hotel,1100.0,4.1,"Near Uru Building Yard, Beypore, Beypore",20,,"Free Wifi, Breakfast, Parking"
156,39,Beypore Lake View Resort,Resort,1750.0,4.2,"Near Beypore Harbour, Beypore, Beypore",16,,"Wifi, Restaurant, Family Rooms"
157,40,Thusharagiri Central Budget Hotel,Budget Hotel,650.0,4.0,"Near Thusharagiri Waterfalls, Thusharagiri, Thusharagiri",12,,"Free Wifi, Parking, Room Service"
158,40,Thusharagiri Green Valley Homestay,Homestay,700.0,4.1,"Near Erachery Waterfalls, Thusharagiri, Thusharagiri",8,,"Free Wifi, Breakfast, Parking"
159,40,Thusharagiri Heritage Boutique Hotel,Boutique Hotel,1300.0,4.2,"Near Vythiri Hills, Thusharagiri, Thusharagiri",20,,"Wifi, Restaurant, Family Rooms"
160,40,Thusharagiri Lake View Resort,Resort,1950.0,4.3,"Near Thusharagiri Trekking Trails, Thusharagiri, Thusharagiri",16,,"Wifi, Pool, Restaurant, Room Service"
161,41,Kannur Central Budget Hotel,Budget Hotel,750.0,4.1,"Near St Angelo Fort, Kannur, Kannur",12,,"Free Wifi, Breakfast, Parking"
162,41,Kannur Green Valley Homestay,Homestay,800.0,4.2,"Near Kannur Beach, Kannur, Kannur",8,,"Wifi, Restaurant, Family Rooms"
163,41,Kannur Heritage Boutique Hotel,Boutique Hotel,1500.0,4.3,"Near Payyambalam Beach, Kannur, Kannur",20,,"Wifi, Pool, Restaurant, Room Service"
164,41,Kannur Lake View Resort,Resort,2300.0,4.4,"Near Aralam Wildlife Sanctuary, Kannur, Kannur",16,,"Free Wifi, Parking, Room Service"
165,42,Muzhappilangad Central Budget Hotel,Budget Hotel,650.0,4.2,"Near Muzhappilangad Drive-in Beach, Muzhappilangad, Muzhappilangad",12,,"Wifi, Restaurant, Family Rooms"
166,42,Muzhappilangad Green Valley Homestay,Homestay,700.0,4.3,"Near Dharmadam Island, Muzhappilangad, Muzhappilangad",8,,"Wifi, Pool, Restaurant, Room Service"
167,42,Muzhappilangad Heritage Boutique Hotel,Boutique Hotel,1350.0,4.4,"Near Thalassery Fort, Muzhappilangad, Muzhappilangad",20,,"Free Wifi, Parking, Room Service"
168,42,Muzhappilangad Lake View Resort,Resort,2100.0,4.5,"Near Meenkunnu Beach, Muzhappilangad, Muzhappilangad",16,,"Free Wifi, Breakfast, Parking"
169,43,Thalassery Central Budget Hotel,Budget Hotel,650.0,4.3,"Near Thalassery Fort, Thalassery, Thalassery",12,,"Wifi, Pool, Restaurant, Room Service"
170,43,Thalassery Green Valley Homestay,Homestay,700.0,4.4,"Near Thalassery Pier, Thalassery, Thalassery",8,,"Free Wifi, Parking, Room Service"
171,43,Thalassery Heritage Boutique Hotel,Boutique Hotel,1350.0,4.5,"Near Odathil Palli, Thalassery, Thalassery",20,,"Free Wifi, Breakfast, Parking"
172,43,Thalassery Lake View Resort,Resort,2100.0,4.6,"Near Muzhappilangad Beach, Thalassery, Thalassery",16,,"Wifi, Restaurant, Family Rooms"
173,44,Paithalmala Central Budget Hotel,Budget Hotel,650.0,4.4,"Near Paithalmala Viewpoint, Paithalmala, Paithalmala",12,,"Free Wifi, Parking, Room Service"
174,44,Paithalmala Green Valley Homestay,Homestay,700.0,4.5,"Near Paithalmala Trekking Trail, Paithalmala, Paithalmala",8,,"Free Wifi, Breakfast, Parking"
175,44,Paithalmala Heritage Boutique Hotel,Boutique Hotel,1300.0,4.6,"Near Kappimala Waterfalls, Paithalmala, Paithalmala",20,,"Wifi, Restaurant, Family Rooms"
176,44,Paithalmala Lake View Resort,Resort,1950.0,4.7,"Near Ezhimala Hills, Paithalmala, Paithalmala",16,,"Wifi, Pool, Restaurant, Room Service"
177,45,Kasaragod Central Budget Hotel,Budget Hotel,650.0,4.5,"Near Bekal Fort, Kasaragod, Kasaragod",12,,"Free Wifi, Breakfast, Parking"
178,45,Kasaragod Green Valley Homestay,Homestay,700.0,4.6,"Near Bekal Beach, Kasaragod, Kasaragod",8,,"Wifi, Restaurant, Family Rooms"
179,45,Kasaragod Heritage Boutique Hotel,Boutique Hotel,1350.0,4.7,"Near Ananthapura Lake Temple, Kasaragod, Kasaragod",20,,"Wifi, Pool, Restaurant, Room Service"
180,45,Kasaragod Lake View Resort,Resort,2100.0,4.0,"Near Ranipuram Hills, Kasaragod, Kasaragod",16,,"Free Wifi, Parking, Room Service"
181,46,Ranipuram Central Budget Hotel,Budget Hotel,650.0,4.6,"Near Ranipuram Hills, Ranipuram, Ranipuram",12,,"Wifi, Restaurant, Family Rooms"
182,46,Ranipuram Green Valley Homestay,Homestay,700.0,4.7,"Near Ranipuram Trekking Trail, Ranipuram, Ranipuram",8,,"Wifi, Pool, Restaurant, Room Service"
183,46,Ranipuram Heritage Boutique Hotel,Boutique Hotel,1350.0,4.0,"Near Kottancheri Hills, Ranipuram, Ranipuram",20,,"Free Wifi, Parking, Room Service"
184,46,Ranipuram Lake View Resort,Resort,2100.0,4.1,"Near Bhagamandala Viewpoint, Ranipuram, Ranipuram",16,,"Free Wifi, Breakfast, Parking"
185,47,Nileshwaram Central Budget Hotel,Budget Hotel,650.0,4.7,"Near Nileshwaram Palace, Nileshwaram, Nileshwaram",12,,"Wifi, Pool, Restaurant, Room Service"
186,47,Nileshwaram Green Valley Homestay,Homestay,700.0,4.0,"Near Nileshwaram Backwaters, Nileshwaram, Nileshwaram",8,,"Free Wifi, Parking, Room Service"
187,47,Nileshwaram Heritage Boutique Hotel,Boutique Hotel,1300.0,4.1,"Near Thekkekara Beach, Nileshwaram, Nileshwaram",20,,"Free Wifi, Breakfast, Parking"
188,47,Nileshwaram Lake View Resort,Resort,1950.0,4.2,"Near Nileshwaram Kavu, Nileshwaram, Nileshwaram",16,,"Wifi, Restaurant, Family Rooms"
189,48,Kodikuthimala Central Budget Hotel,Budget Hotel,550.0,4.0,"Near Kodikuthimala Viewpoint, Kodikuthimala, Kodikuthimala",12,,"Free Wifi, Parking, Room Service"
190,48,Kodikuthimala Green Valley Homestay,Homestay,600.0,4.1,"Near Kodikuthimala Trekking Trail, Kodikuthimala, Kodikuthimala",8,,"Free Wifi, Breakfast, Parking"
191,48,Kodikuthimala Heritage Boutique Hotel,Boutique Hotel,1100.0,4.2,"Near Kodikuthimala Hills, Kodikuthimala, Kodikuthimala",20,,"Wifi, Restaurant, Family Rooms"
192,48,Kodikuthimala Lake View Resort,Resort,1750.0,4.3,"Near Malappuram Viewpoint, Kodikuthimala, Kodikuthimala",16,,"Wifi, Pool, Restaurant, Room Service"
193,49,Attappady Central Budget Hotel,Budget Hotel,650.0,4.1,"Near Attappady Hills, Attappady, Attappady",12,,"Free Wifi, Breakfast, Parking"
194,49,Attappady Green Valley Homestay,Homestay,700.0,4.2,"Near Attappady Reserve Forest, Attappady, Attappady",8,,"Wifi, Restaurant, Family Rooms"
195,49,Attappady Heritage Boutique Hotel,Boutique Hotel,1350.0,4.3,"Near Agali Viewpoint, Attappady, Attappady",20,,"Wifi, Pool, Restaurant, Room Service"
196,49,Attappady Lake View Resort,Resort,2100.0,4.4,"Near Bhavani River, Attappady, Attappady",16,,"Free Wifi, Parking, Room Service"
197,50,Tanur Central Budget Hotel,Budget Hotel,550.0,4.2,"Near Tanur Beach, Tanur, Tanur",12,,"Wifi, Restaurant, Family Rooms"
198,50,Tanur Green Valley Homestay,Homestay,600.0,4.3,"Near Tanur Fishing Harbour, Tanur, Tanur",8,,"Wifi, Pool, Restaurant, Room Service"
199,50,Tanur Heritage Boutique Hotel,Boutique Hotel,1100.0,4.4,"Near Tanur Backwaters, Tanur, Tanur",20,,"Free Wifi, Parking, Room Service"
200,50,Tanur Lake View Resort,Resort,1750.0,4.5,"Near Othukkungal Beach, Tanur, Tanur",16,,"Free Wifi, Breakfast, Parking"
