id,transport_type,category,base_fare,per_km_rate,per_person_rate,fuel_cost_per_km,daily_rental,speed_kmh,min_distance_km,max_distance_km,active,updated_at
1,Private AC Cab,Private Cab,300.0,18.0,0.0,0.0,0.0,48.0,5.0,1500.0,1,2026-09-24 00:00:00
2,Prepaid Taxi,Taxi,200.0,15.0,0.0,0.0,0.0,45.0,2.0,400.0,1,2026-09-24 00:00:00
3,State AC Volvo Intercity Bus,Bus,0.0,3.5,3.5,0.0,0.0,38.0,15.0,1500.0,1,2026-09-24 00:00:00
4,Express Intercity Train,Train,0.0,2.2,2.2,0.0,0.0,60.0,20.0,3500.0,1,2026-09-24 00:00:00
5,Self-Drive SUV Rental,Self Drive,0.0,0.0,0.0,7.5,1800.0,52.0,10.0,2500.0,1,2026-09-24 00:00:00
6,Rental Scooter / Bike,Bike/Scooter,0.0,0.0,0.0,2.5,500.0,38.0,1.0,180.0,1,2026-09-24 00:00:00
7,Eco Cycling / Rental Cycle,Cycling,0.0,0.0,0.0,0.0,200.0,15.0,0.5,35.0,1,2026-09-24 00:00:00
8,Scenic Walking / Hiking,Walking,0.0,0.0,0.0,0.0,0.0,4.5,0.0,8.0,1,2026-09-24 00:00:00
9,Connecting / Direct Flight,Flight,2500.0,4.5,4.5,0.0,0.0,550.0,280.0,5000.0,1,2026-09-24 00:00:00
