id,destination_id,temperature,humidity,weather,updated_at
1,1,16.6,78.5,Partly Cloudy,2026-10-04 16:06:41
2,5,28.7,55.1,Partly Cloudy,2026-09-30 16:30:12
3,7,23.2,63.7,Clear Skies,2026-09-29 11:54:53
4,4,28.3,82.8,Partly Cloudy,2026-09-30 16:31:48
5,3,28.9,81.9,Tropical Breeze,2026-09-30 15:06:25
6,10,21.6,67.3,Misty & Cool,2026-10-02 20:10:29
7,2,18.4,65.2,Cloudy,2026-10-01 12:48:18
8,25,21.9,52.3,Clear Skies,2026-10-01 12:49:03
9,13,18.9,83.1,Cloudy,2026-10-01 23:29:13
10,50,31.5,73.3,Partly Cloudy,2026-10-04 15:36:08
11,15,24.0,52.8,Clear Skies,2026-10-04 20:35:27
12,37,24.4,51.5,Partly Cloudy,2026-10-04 20:39:19
